"ID","Description","GeneRatio","BgRatio","RichFactor","FoldEnrichment","zScore","pvalue","p.adjust","qvalue","geneID","Count"
"GO:0036294","cellular response to decreased oxygen levels","48/931","243/21188",0.197530864197531,4.49547148294015,11.7487247048182,1.1247715625948e-18,7.63826335176858e-16,6.4836162892766e-16,"844001/843625/844222/839183/841797/837098/837886/839952/839143/837724/838016/843192/838827/843993/842280/843989/843006/3766886/837551/843325/843833/839883/838756/839142/842139/840339/838981/838517/839666/839180/843216/842923/838066/837428/843998/838508/843623/843685/838301/843621/838483/837224/843622/832147/832750/832524/834225/832075",48
"GO:0071453","cellular response to oxygen levels","48/931","243/21188",0.197530864197531,4.49547148294015,11.7487247048182,1.1247715625948e-18,7.63826335176858e-16,6.4836162892766e-16,"844001/843625/844222/839183/841797/837098/837886/839952/839143/837724/838016/843192/838827/843993/842280/843989/843006/3766886/837551/843325/843833/839883/838756/839142/842139/840339/838981/838517/839666/839180/843216/842923/838066/837428/843998/838508/843623/843685/838301/843621/838483/837224/843622/832147/832750/832524/834225/832075",48
"GO:0036293","response to decreased oxygen levels","51/931","275/21188",0.185454545454545,4.22063470364222,11.5244884302218,1.59646291963922e-18,7.63826335176858e-16,6.4836162892766e-16,"843565/844001/843625/844222/839183/841797/837098/837886/839952/839143/837724/838016/843192/838827/843993/842280/843989/843006/3766886/837551/843325/843833/839883/838756/839142/842139/840339/838981/838517/838940/839666/839180/843216/842923/838066/842733/837428/843998/838508/843623/843685/838301/843621/838483/837224/843622/832147/832750/832524/834225/832075",51
"GO:0070482","response to oxygen levels","51/931","276/21188",0.184782608695652,4.20534254891888,11.4908780132733,1.87787666915023e-18,7.63826335176858e-16,6.4836162892766e-16,"843565/844001/843625/844222/839183/841797/837098/837886/839952/839143/837724/838016/843192/838827/843993/842280/843989/843006/3766886/837551/843325/843833/839883/838756/839142/842139/840339/838981/838517/838940/839666/839180/843216/842923/838066/842733/837428/843998/838508/843623/843685/838301/843621/838483/837224/843622/832147/832750/832524/834225/832075",51
"GO:0001666","response to hypoxia","50/931","271/21188",0.18450184501845,4.19895283807833,11.3622618684039,4.36550339051874e-18,1.20515657876336e-15,1.02297766721931e-15,"843565/844001/843625/844222/839183/841797/837098/837886/839952/839143/837724/838016/843192/838827/843993/842280/843006/3766886/837551/843325/843833/839883/838756/839142/842139/840339/838981/838517/838940/839666/839180/843216/842923/838066/842733/837428/843998/838508/843623/843685/838301/843621/838483/837224/843622/832147/832750/832524/834225/832075",50
"GO:0071456","cellular response to hypoxia","47/931","241/21188",0.195020746887967,4.43834541897126,11.5085105132884,4.44433895057171e-18,1.20515657876336e-15,1.02297766721931e-15,"844001/843625/844222/839183/841797/837098/837886/839952/839143/837724/838016/843192/838827/843993/842280/843006/3766886/837551/843325/843833/839883/838756/839142/842139/840339/838981/838517/839666/839180/843216/842923/838066/837428/843998/838508/843623/843685/838301/843621/838483/837224/843622/832147/832750/832524/834225/832075",47
"GO:0009620","response to fungus","54/931","385/21188",0.14025974025974,3.19207666662017,9.30561604290122,4.08055259733241e-14,9.48437010837119e-12,8.05065414691748e-12,"844423/841670/840630/844306/839713/838632/837089/840190/839735/841082/841593/839392/841328/839345/840250/837071/28717407/837773/842281/841606/843320/839141/838721/839026/843810/841671/843993/839028/843748/838695/837210/837171/843874/837506/844177/842988/838066/844307/842733/842966/838314/838508/839602/841122/840188/843685/832750/836578/834545/832524/833661/834273/835386/836602",54
"GO:0009611","response to wounding","43/931","273/21188",0.157509157509158,3.58464449978951,9.2145730238366,3.1200000071346e-13,6.34530001451e-11,5.38610527547448e-11,"843577/844423/843407/844001/837089/843750/841593/842405/841602/837071/843500/843834/838310/839349/28717292/839893/837455/842994/838501/843639/843832/838394/838707/842951/843562/843584/839666/838639/840915/842733/838314/838708/843998/843623/838353/843685/838483/842851/832196/834867/834273/830894/830457",43
"GO:0070542","response to fatty acid","36/931","230/21188",0.156521739130435,3.56217251202541,8.37566651814097,3.2254777167717e-11,5.83094693909728e-09,4.94950498760756e-09,"843577/843407/838896/843750/842405/842536/842862/839345/838316/838895/841026/843834/839141/838310/839748/839893/839723/838501/843639/838394/837171/843442/838639/840915/842733/838314/840115/838122/838353/842851/834545/833661/834273/834768/835386/836602",36
"GO:0009753","response to jasmonic acid","34/931","226/21188",0.150442477876106,3.42381871239413,7.85344135426965,3.37830140937105e-10,5.49649639304669e-08,4.66561205167875e-08,"843577/843407/838896/843750/842405/842862/838316/838895/841026/843834/839141/838310/839748/839893/839723/838501/843639/838394/837171/843442/838639/840915/842733/838314/840115/838122/838353/842851/834545/833661/834273/834768/835386/836602",34
"GO:0042742","defense response to bacterium","49/931","435/21188",0.11264367816092,2.56358136721113,7.06393479248656,1.64103330383646e-09,2.42723744121993e-07,2.06032123888367e-07,"844423/838896/840190/837800/840250/843208/838895/842281/841606/843349/837555/842454/841707/837365/843810/840064/843940/842905/838501/839232/837999/837210/838677/842951/838224/837506/842988/837248/838438/841616/842733/838123/838508/840115/843716/841284/838353/843248/838518/832750/834545/832524/835360/834768/834077/834562/834430/836602/836377",49
"GO:0050832","defense response to fungus","35/931","275/21188",0.127272727272727,2.89651401230349,6.7863498358965,1.68295159256649e-08,2.28180186758806e-06,1.93687060477827e-06,"844423/841670/838632/837089/841082/839392/841328/840250/837071/28717407/837773/842281/841606/839141/838721/839026/843810/841671/839028/843748/837210/843874/837506/844177/838066/842733/838508/839602/841122/836578/834545/833661/834273/835386/836602",35
"GO:0009414","response to water deprivation","48/931","460/21188",0.104347826086957,2.3747816746836,6.39081079506815,2.81057288639041e-08,3.51754006627476e-06,2.98580698537993e-06,"841670/838420/838632/838896/840476/841020/842862/840250/837235/843129/841849/839515/837071/842462/838895/842281/837455/837414/837082/843940/841722/840582/837231/844174/843950/839907/837210/838633/837075/843874/837413/840218/838138/839666/840915/843404/839529/839815/841122/840115/838122/841665/838483/837095/832750/836772/831454/835995",48
"GO:0009415","response to water","48/931","473/21188",0.101479915433404,2.30951283373035,6.17475698839124,6.65928529365991e-08,7.73904083770334e-06,6.56915962803143e-06,"841670/838420/838632/838896/840476/841020/842862/840250/837235/843129/841849/839515/837071/842462/838895/842281/837455/837414/837082/843940/841722/840582/837231/844174/843950/839907/837210/838633/837075/843874/837413/840218/838138/839666/840915/843404/839529/839815/841122/840115/838122/841665/838483/837095/832750/836772/831454/835995",48
"GO:0009723","response to ethylene","27/931","196/21188",0.137755102040816,3.13507529757338,6.4377829809533,1.43040247801002e-07,1.55150988781486e-05,1.31697407098185e-05,"838896/842536/842862/843208/838316/838895/840083/839539/839143/839103/841486/844046/839232/842951/843823/843708/838481/840115/839733/838122/843685/831802/832196/834768/834077/830457/830497",27
"GO:0031347","regulation of defense response","36/931","326/21188",0.110429447852761,2.51318919560075,5.9026369335851,3.91538537656396e-07,3.98145750479348e-05,3.37959579871837e-05,"843577/844423/843407/842066/843625/837800/839722/842067/842281/841026/843834/841606/839141/838310/839893/843810/838501/838899/838336/837748/837999/837210/843562/842072/842733/843716/841778/841779/842432/837408/2745743/832750/834545/834768/835386/836377",36
"GO:0009636","response to toxic substance","25/931","184/21188",0.135869565217391,3.09216363891094,6.11048336842565,5.35805150340274e-07,4.99414203844915e-05,4.23919668388399e-05,"843454/841082/843329/838083/839515/842281/837555/842994/841162/837711/842485/844167/843799/840204/844174/839295/840207/838289/842650/838288/839602/843328/836368/834430/832290",25
"GO:0098754","detoxification","23/931","160/21188",0.14375,3.27150912996778,6.18297518692948,5.52517250719635e-07,4.99414203844915e-05,4.23919668388399e-05,"843454/843329/838083/839515/842281/842994/841162/837711/842485/844167/843799/840204/844174/839295/840207/838289/842650/838288/839602/843328/836368/834430/832290",23
"GO:0071398","cellular response to fatty acid","19/931","115/21188",0.165217391304348,3.76007098491571,6.36250296823951,6.11552349318776e-07,5.23681932811394e-05,4.44518937565781e-05,"843577/843407/842536/839345/838316/843834/839141/838310/839748/839893/838501/843442/842733/840115/842851/834545/834768/835386/836602",19
"GO:0042537","benzene-containing compound metabolic process","15/931","75/21188",0.2,4.55166487647691,6.60556009560496,7.57393163874379e-07,6.09713016428154e-05,5.17545031251408e-05,"842720/839735/837555/843810/839434/838289/838288/839846/843716/837095/832750/832524/830894/834077/836377",15
"GO:0006979","response to oxidative stress","42/931","423/21188",0.099290780141844,2.25969178264811,5.61035731953672,7.86968244928779e-07,6.09713016428154e-05,5.17545031251408e-05,"841650/838212/839642/840476/841082/842405/839392/839969/837531/839515/838052/837528/844073/843389/837267/838016/840064/843940/838883/842280/840181/838394/844174/840493/840318/840339/837075/844177/837894/843584/839666/840004/840454/838651/840115/838122/838483/831560/832147/832672/833661/836771",42
"GO:0140115","export across plasma membrane","15/931","81/21188",0.185185185185185,4.21450451525639,6.21391494248167,2.11520405505114e-06,0.000156428954434918,0.000132782187570674,"843454/843432/840476/838083/842994/840064/841162/837711/842485/840204/843693/844046/840207/838916/844193",15
"GO:0009914","hormone transport","20/931","137/21188",0.145985401459854,3.32238312151599,5.84628245935423,2.33922257966285e-06,0.000165474571178759,0.000140460413021403,"838324/843201/843432/844146/837881/842281/840064/839108/843333/843693/844046/838565/838138/843985/843141/838916/837361/844193/843602/835648",20
"GO:0009407","toxin catabolic process","11/931","46/21188",0.239130434782609,5.44220800448326,6.4658672166228,3.6070422950019e-06,0.000244527408915337,0.000207563135572039,"843329/839515/844167/843799/844174/839295/838289/838288/839602/843328/836368",11
"GO:0009867","jasmonic acid mediated signaling pathway","17/931","107/21188",0.158878504672897,3.61580854673399,5.81532845205613,4.11093445810699e-06,0.000267539614533603,0.000227096674064689,"843577/843407/838316/843834/839141/838310/839748/839893/838501/843442/842733/840115/842851/834545/834768/835386/836602",17
"GO:0009743","response to carbohydrate","25/931","206/21188",0.121359223300971,2.76193257067773,5.44780385264686,4.35566307987407e-06,0.000272563993498274,0.000231361536874283,"838115/839735/842066/844194/844055/840083/842281/841606/840953/839349/838259/839729/839870/842951/838224/838821/843988/842477/838438/840895/839602/839846/837960/841665/834430",25
"GO:0006955","immune response","35/931","351/21188",0.0997150997150997,2.26934858513806,5.14089667675518,5.8653071363287e-06,0.000342897250395654,0.000291062784277876,"837675/842434/842449/840190/839735/842066/843625/842430/843073/837531/842437/842067/842281/837365/839808/843068/843639/842457/838336/837748/842431/838438/842890/842733/838508/839602/839846/841778/841779/842432/2745743/834517/834545/834768/834562",35
"GO:0140546","defense response to symbiont","36/931","366/21188",0.0983606557377049,2.23852370974274,5.12395912127484,5.90112047392644e-06,0.000342897250395654,0.000291062784277876,"840190/839735/842066/843750/843625/837800/837531/842067/839843/842281/841026/837365/843810/839808/843639/838336/837748/842951/841996/838438/842733/838508/839602/839846/843716/841778/841779/842432/2745743/842851/834517/832750/836578/834545/834768/834562",36
"GO:0071395","cellular response to jasmonic acid stimulus","17/931","111/21188",0.153153153153153,3.48550913964448,5.62852326854849,6.84762356452989e-06,0.000384175294465177,0.000326100984270897,"843577/843407/838316/843834/839141/838310/839748/839893/838501/843442/842733/840115/842851/834545/834768/835386/836602",17
"GO:0002376","immune system process","35/931","355/21188",0.0985915492957746,2.24377846023509,5.06644474728661,7.52488099326732e-06,0.000408099379201531,0.000346408556602341,"837675/842434/842449/840190/839735/842066/843625/842430/843073/837531/842437/842067/842281/837365/839808/843068/843639/842457/838336/837748/842431/838438/842890/842733/838508/839602/839846/841778/841779/842432/2745743/834517/834545/834768/834562",35
"GO:0032787","monocarboxylic acid metabolic process","44/931","495/21188",0.0888888888888889,2.02296216732307,4.93710601107915,8.0363606183642e-06,0.00042177931374447,0.000358020547751913,"844309/841670/839462/840346/837089/839735/837235/837377/841026/837555/843835/843810/841900/843838/842748/839434/838668/837953/838224/841787/837075/842880/843584/838639/838147/842864/842072/837372/838314/838508/839846/843716/841665/843028/837095/839932/844094/832750/832524/834966/834273/830894/834077/836377",44
"GO:0071214","cellular response to abiotic stimulus","25/931","214/21188",0.116822429906542,2.65868275495146,5.22819279152261,8.58043153561215e-06,0.000423041276013363,0.000359091744010308,"838420/843432/842288/838761/843129/842462/837229/839141/837455/838501/837587/844174/838600/840339/837075/840218/838916/838835/839529/839815/838122/842794/831793/832196/834867",25
"GO:0104004","cellular response to environmental stimulus","25/931","214/21188",0.116822429906542,2.65868275495146,5.22819279152261,8.58043153561215e-06,0.000423041276013363,0.000359091744010308,"838420/843432/842288/838761/843129/842462/837229/839141/837455/838501/837587/844174/838600/840339/837075/840218/838916/838835/839529/839815/838122/842794/831793/832196/834867",25
"GO:0009696","salicylic acid metabolic process","11/931","51/21188",0.215686274509804,4.90865820012215,5.99119035589382,1.0531682022281e-05,0.000503971960301505,0.000427788446230113,"839735/837555/843810/839846/843716/837095/832750/832524/830894/834077/836377",11
"GO:0009404","toxin metabolic process","12/931","61/21188",0.19672131147541,4.47704741948548,5.83013518059084,1.1497908152701e-05,0.00051964157123457,0.000441089341998354,"843329/839515/844167/843799/844174/839295/838289/838288/839602/843328/843685/836368",12
"GO:0042752","regulation of circadian rhythm","12/931","61/21188",0.19672131147541,4.47704741948548,5.83013518059084,1.1497908152701e-05,0.00051964157123457,0.000441089341998354,"842288/838277/843595/840438/844055/838318/838883/837587/844421/839529/836873/832392",12
"GO:0044248","cellular catabolic process","27/931","247/21188",0.109311740890688,2.48775205799345,5.04199415248516,1.30652505169051e-05,0.000574517907864989,0.000487670232665135,"843565/841670/837385/843329/839515/842281/844167/840141/843799/839434/844174/837733/839295/839883/843395/839508/838940/842908/838289/842864/838288/839602/843328/838301/832524/836368/834430",27
"GO:0009926","auxin polar transport","16/931","108/21188",0.148148148148148,3.37160361220512,5.29713068323522,1.94584002022738e-05,0.000833126766555247,0.000707186179096487,"838324/843201/843432/844146/837881/842281/839108/843333/843693/844046/838138/843141/838916/837361/843602/835648",16
"GO:0060918","auxin transport","18/931","134/21188",0.134328358208955,3.05708834987255,5.12106212281326,2.37417813345208e-05,0.000990458416186292,0.000840734604882357,"838324/843201/843432/844146/837881/842281/839108/843333/843693/844046/838138/843985/843141/838916/837361/844193/843602/835648",18
"GO:0072330","monocarboxylic acid biosynthetic process","26/931","244/21188",0.10655737704918,2.4250673522213,4.7997928999338,2.92828043365755e-05,0.00119107806639021,0.00101102734972598,"844309/837089/837555/843835/843810/841900/843838/842748/838668/837953/838224/842880/843584/838639/838147/837372/838314/838508/843716/841665/843028/832750/834966/834273/834077/836377",26
"GO:0009966","regulation of signal transduction","36/931","395/21188",0.0911392405063291,2.0741763994072,4.61995331590111,3.1122387845644e-05,0.0012350274396308,0.00104833306427432,"843577/841670/843407/843432/837314/838316/842281/843834/841606/838310/839893/837255/838501/840860/841486/843693/844046/838600/842951/843442/838565/838916/842733/844193/843998/841284/842928/2745743/843106/832750/834545/833622/831285/830564/832215/830497",36
"GO:0052542","defense response by callose deposition","8/931","30/21188",0.266666666666667,6.06888650196921,5.95604400370764,3.32826104920489e-05,0.0012553311230997,0.00106556751755365,"839735/842066/842281/841606/842951/838438/839602/834430",8
"GO:0042372","phylloquinone biosynthetic process","5/931","10/21188",0.5,11.3791621911923,7.03787965522964,3.39487212147429e-05,0.0012553311230997,0.00106556751755365,"843810/843222/842350/842354/839932",5
"GO:0042374","phylloquinone metabolic process","5/931","10/21188",0.5,11.3791621911923,7.03787965522964,3.39487212147429e-05,0.0012553311230997,0.00106556751755365,"843810/843222/842350/842354/839932",5
"GO:0080134","regulation of response to stress","41/931","477/21188",0.0859538784067086,1.95616624670391,4.52807981768642,3.53388146682187e-05,0.00127769447700426,0.00108455028876498,"843577/844423/843407/842066/843625/837800/839722/842067/842057/842281/841026/843834/841606/839141/838310/839893/843810/838501/838899/840181/842083/838336/837748/837999/837210/840339/843562/842072/842733/843716/841778/841779/842432/837408/2745743/832750/834545/835995/834768/835386/836377",41
"GO:0023051","regulation of signaling","36/931","400/21188",0.09,2.04824919441461,4.53743261729151,4.05385190814794e-05,0.00141660090557195,0.00120245876369838,"843577/841670/843407/843432/837314/838316/842281/843834/841606/838310/839893/837255/838501/840860/841486/843693/844046/838600/842951/843442/838565/838916/842733/844193/843998/841284/842928/2745743/843106/832750/834545/833622/831285/830564/832215/830497",36
"GO:0010817","regulation of hormone levels","28/931","278/21188",0.100719424460432,2.29220533347758,4.64942151019684,4.09220913103144e-05,0.00141660090557195,0.00120245876369838,"838324/843201/843432/839625/844146/837881/841602/842281/841026/839103/840064/839108/843333/843693/844046/842951/837075/838565/838138/843985/843141/838916/837361/844193/843602/831178/835648/830457",28
"GO:0010646","regulation of cell communication","36/931","401/21188",0.0897755610972569,2.04314134106195,4.52107222913947,4.27076340554496e-05,0.00144761084600451,0.00122878105001645,"843577/841670/843407/843432/837314/838316/842281/843834/841606/838310/839893/837255/838501/840860/841486/843693/844046/838600/842951/843442/838565/838916/842733/844193/843998/841284/842928/2745743/843106/832750/834545/833622/831285/830564/832215/830497",36
"GO:0018958","phenol-containing compound metabolic process","12/931","70/21188",0.171428571428571,3.90142703698021,5.21262269659223,4.88374055132049e-05,0.00162160119938744,0.0013764699470102,"842720/839735/837555/843810/839846/843716/837095/832750/832524/830894/834077/836377",12
"GO:0006749","glutathione metabolic process","11/931","60/21188",0.183333333333333,4.17235947010383,5.27534459201017,5.28156884485319e-05,0.00171862250211523,0.00145882491040998,"843329/839515/844167/843799/844174/839295/838289/838288/839602/843328/836368",11
"GO:0009751","response to salicylic acid","22/931","196/21188",0.112244897959184,2.55450579802275,4.68722156154316,5.39733427950617e-05,0.00172185546524638,0.00146156915886731,"844423/844001/838896/838723/842862/838895/839748/842863/838721/839232/841324/842988/838147/840915/844307/842733/838122/842851/834545/832524/831802/833661",22
"GO:0009409","response to cold","38/931","438/21188",0.0867579908675799,1.97446649892834,4.41791064365552,5.54077619761483e-05,0.00173362362952295,0.00147155837475115,"840098/838632/838896/840476/842862/838236/840438/842058/838895/842446/839349/843835/837455/837414/843810/838883/844421/841372/843950/838259/839307/838633/838224/839666/841996/840915/840895/839815/838651/838122/843029/844039/843356/832147/836772/833661/831454/835168",38
"GO:0042631","cellular response to water deprivation","9/931","41/21188",0.219512195121951,4.99572974247465,5.49016834980395,5.78289678622134e-05,0.00177443612242466,0.00150620139916614,"838420/843129/842462/837455/844174/837075/840218/839815/838122",9
"GO:0042371","vitamin K biosynthetic process","5/931","11/21188",0.454545454545455,10.3446929010839,6.64585968228338,5.9984011514048e-05,0.00177443612242466,0.00150620139916614,"843810/843222/842350/842354/839932",5
"GO:0042373","vitamin K metabolic process","5/931","11/21188",0.454545454545455,10.3446929010839,6.64585968228338,5.9984011514048e-05,0.00177443612242466,0.00150620139916614,"843810/843222/842350/842354/839932",5
"GO:0071462","cellular response to water stimulus","9/931","42/21188",0.214285714285714,4.87678379622526,5.39143188310252,7.0754830336715e-05,0.00201961594662869,0.00171431832690249,"838420/843129/842462/837455/844174/837075/840218/839815/838122",9
"GO:2000022","regulation of jasmonic acid mediated signaling pathway","9/931","42/21188",0.214285714285714,4.87678379622526,5.39143188310252,7.0754830336715e-05,0.00201961594662869,0.00171431832690249,"843577/843407/843834/838310/839893/838501/843442/842733/834545",9
"GO:0009311","oligosaccharide metabolic process","13/931","85/21188",0.152941176470588,3.48068490554116,4.91282141183423,8.22660341132504e-05,0.00226165468179054,0.00191976899201578,"844144/842975/844194/838723/843531/840953/840493/842309/843365/843519/838138/840454/838998",13
"GO:0120254","olefinic compound metabolic process","13/931","85/21188",0.152941176470588,3.48068490554116,4.91282141183423,8.22660341132504e-05,0.00226165468179054,0.00191976899201578,"841670/842536/839345/837235/837082/838668/837953/838224/842880/841665/843685/843028/834273",13
"GO:0006544","glycine metabolic process","6/931","18/21188",0.333333333333333,7.58610812746151,5.992757301869,8.34045979762954e-05,0.00226165468179054,0.00191976899201578,"837385/840543/840141/837733/838807/838940",6
"GO:0140352","export from cell","19/931","163/21188",0.116564417177914,2.65281081757856,4.5412034208042,0.000103065665799501,0.00274898095501292,0.00233342801603012,"843454/841847/843432/840476/838083/842281/842994/840064/841162/837711/842485/840204/843693/844046/840207/837210/838916/844193/837378",19
"GO:0005984","disaccharide metabolic process","12/931","77/21188",0.155844155844156,3.54675185180019,4.79953982949987,0.000127276438001446,0.00333998007465085,0.00283508805870793,"844144/842975/844194/843531/840953/840493/842309/843365/843519/838138/840454/838998",12
"GO:0015979","photosynthesis","21/931","194/21188",0.108247422680412,2.46352995891791,4.39012509291768,0.000132919851494605,0.00343270791082099,0.00291379858247154,"840098/838151/843110/839969/839871/842446/840953/839869/843989/842386/843222/839870/843988/842477/839666/840895/843029/842785/842354/842794/835168",21
"GO:0006790","sulfur compound metabolic process","33/931","377/21188",0.0875331564986737,1.99210796981085,4.16682392053443,0.000141710274249121,0.00360254087817687,0.0030579585495863,"841670/842470/839462/840543/840346/839418/843107/843750/843329/839515/842281/838211/842043/844167/843799/844174/838580/839295/838289/843982/843708/838438/838288/838708/839602/843328/842928/843685/838706/2746201/836368/834430/831921",33
"GO:0000160","phosphorelay signal transduction system","15/931","115/21188",0.130434782608696,2.9684770933545,4.53772436210079,0.000155222528825358,0.00380753739125843,0.00323196652368328,"842288/838316/839539/839143/837587/841486/844046/842951/843708/838487/840115/839733/843685/831793/834768",15
"GO:0042180","ketone metabolic process","15/931","115/21188",0.130434782608696,2.9684770933545,4.53772436210079,0.000155222528825358,0.00380753739125843,0.00323196652368328,"844309/839735/843810/843222/844187/843830/838147/839846/843716/842350/837095/842354/839932/832750/836377",15
"GO:0062012","regulation of small molecule metabolic process","16/931","128/21188",0.125,2.84479054779807,4.48791761435457,0.0001574423512453,0.00380753739125843,0.00323196652368328,"844309/839418/839735/842462/838668/837953/843830/842880/838147/839846/839293/843716/841665/837095/832750/836377",16
"GO:0009697","salicylic acid biosynthetic process","6/931","20/21188",0.3,6.82749731471536,5.58957999888001,0.000161475156728231,0.00380753739125843,0.00323196652368328,"837555/843810/843716/832750/834077/836377",6
"GO:0042343","indole glucosinolate metabolic process","6/931","20/21188",0.3,6.82749731471536,5.58957999888001,0.000161475156728231,0.00380753739125843,0.00323196652368328,"842281/838438/838708/839602/838706/834430",6
"GO:0010337","regulation of salicylic acid metabolic process","6/931","21/21188",0.285714285714286,6.50237839496701,5.40819640870629,0.000217699269993807,0.00505995303257034,0.00429505928168232,"839735/839846/843716/837095/832750/836377",6
"GO:0052545","callose localization","9/931","49/21188",0.183673469387755,4.18010039676451,4.77769763713884,0.000247503989391461,0.0056716759259142,0.00481431036444177,"839735/842066/842281/841606/843389/842951/838438/839602/834430",9
"GO:0002831","regulation of response to biotic stimulus","24/931","249/21188",0.0963855421686747,2.1935734344467,4.06155986543825,0.000274952733604003,0.00612805613114675,0.00520170131922786,"844423/842066/843625/837800/842067/842281/841026/841606/838336/837748/837999/837210/842072/842733/843716/841778/841779/842432/2745743/832750/834545/834768/835386/836377",24
"GO:0032101","regulation of response to external stimulus","24/931","249/21188",0.0963855421686747,2.1935734344467,4.06155986543825,0.000274952733604003,0.00612805613114675,0.00520170131922786,"844423/842066/843625/837800/842067/842281/841026/841606/838336/837748/837999/837210/842072/842733/843716/841778/841779/842432/2745743/832750/834545/834768/835386/836377",24
"GO:0005992","trehalose biosynthetic process","6/931","22/21188",0.272727272727273,6.20681574065033,5.23824929655273,0.000288268607037193,0.00633801383310153,0.00537992051824748,"844144/844194/840493/842309/843365/838998",6
"GO:0000302","response to reactive oxygen species","18/931","164/21188",0.109756097560976,2.49786487123733,4.12818256584442,0.00032970519125326,0.00715240461558739,0.00607120296034074,"838212/839642/842405/843389/840064/838883/842280/838394/840318/840339/837075/843584/840454/838651/840115/838122/838483/833661",18
"GO:0002237","response to molecule of bacterial origin","9/931","51/21188",0.176470588235294,4.01617489100904,4.62319215277961,0.000338830322551785,0.00725364387883886,0.00615713827130113,"844423/838236/842281/841606/837210/842951/843716/842432/832750",9
"GO:0009627","systemic acquired resistance","12/931","86/21188",0.13953488372093,3.17558014637924,4.33395615031059,0.000368979375251372,0.00779648627966211,0.00661792126219823,"837800/839843/842281/841026/843810/841996/842733/838508/843716/832750/836578/834545",12
"GO:2001057","reactive nitrogen species metabolic process","6/931","23/21188",0.260869565217391,5.93695418670901,5.07850504796128,0.000375602530266161,0.00783468354798775,0.00665034439553581,"840630/842958/842935/843998/840115/835168",6
"GO:0033037","polysaccharide localization","9/931","52/21188",0.173076923076923,3.93894075848963,4.54886568261132,0.000393982264779158,0.00796702753445761,0.00676268244764881,"839735/842066/842281/841606/843389/842951/838438/839602/834430",9
"GO:0019748","secondary metabolic process","23/931","240/21188",0.0958333333333333,2.18100608664518,3.94465007794585,0.000396338145150955,0.00796702753445761,0.00676268244764881,"842720/841593/842478/843126/843329/839515/842281/842479/844167/843799/844174/844421/839295/838289/838288/839602/843328/843685/837095/838421/836771/836368/834430",23
"GO:0009078","pyruvate family amino acid metabolic process","7/931","32/21188",0.21875,4.97838345864662,4.82821788258524,0.00039663751093489,0.00796702753445761,0.00676268244764881,"843565/843395/838940/843742/838431/840006/838301",7
"GO:0010118","stomatal movement","18/931","167/21188",0.107784431137725,2.45299304720312,4.0412628201584,0.000411430410008598,0.00816338142785353,0.00692935427382902,"841670/838115/839134/843321/843810/838911/839277/837748/839907/837210/842951/838224/843874/843288/839529/841122/838122/837408",18
"GO:0012501","programmed cell death","22/931","226/21188",0.0973451327433628,2.21541210801973,3.9380699813865,0.000423683831277902,0.00830522401794153,0.00704975506197347,"838212/844252/844272/839642/839735/843625/842281/837365/839808/839561/839232/838677/844125/842733/838508/839846/840115/837408/834517/834545/834562/830497",22
"GO:0008219","cell death","22/931","228/21188",0.0964912280701754,2.1959786684757,3.89239788325325,0.000478115809408632,0.00916639844391161,0.0077807490430641,"838212/844252/844272/839642/839735/843625/842281/837365/839808/839561/839232/838677/844125/842733/838508/839846/840115/837408/834517/834545/834562/830497",22
"GO:0005991","trehalose metabolic process","6/931","24/21188",0.25,5.68958109559613,4.92791041966637,0.000482318775486387,0.00916639844391161,0.0077807490430641,"844144/844194/840493/842309/843365/838998",6
"GO:0046189","phenol-containing compound biosynthetic process","7/931","33/21188",0.212121212121212,4.82752335383914,4.71726543409468,0.000484517680501781,0.00916639844391161,0.0077807490430641,"842720/837555/843810/843716/832750/834077/836377",7
"GO:0120255","olefinic compound biosynthetic process","10/931","65/21188",0.153846153846154,3.50128067421301,4.32975493749814,0.000509129564706138,0.009521308066401,0.0080820083350811,"842536/839345/837082/838668/837953/838224/842880/841665/843685/843028",10
"GO:0042542","response to hydrogen peroxide","11/931","77/21188",0.142857142857143,3.2511891974835,4.2425304253434,0.000522297847378239,0.00965657497368631,0.00819682746124701,"838212/840064/838883/842280/838394/840318/840339/837075/840454/838651/833661",11
"GO:0010112","regulation of systemic acquired resistance","6/931","25/21188",0.24,5.46199785177229,4.78555988207571,0.000611226658008573,0.0111737727256174,0.00948467623071849,"837800/841026/842733/843716/832750/834545",6
"GO:0009750","response to fructose","5/931","17/21188",0.294117647058824,6.69362481834839,5.03459604431337,0.000644385397902182,0.0113958156781179,0.00967315379917234,"840083/840953/839729/839870/841665",5
"GO:0010315","auxin export across the plasma membrane","5/931","17/21188",0.294117647058824,6.69362481834839,5.03459604431337,0.000644385397902182,0.0113958156781179,0.00967315379917234,"843432/843693/844046/838916/844193",5
"GO:0052482","defense response by cell wall thickening","5/931","17/21188",0.294117647058824,6.69362481834839,5.03459604431337,0.000644385397902182,0.0113958156781179,0.00967315379917234,"842281/839028/842951/838438/834430",5
"GO:0009687","abscisic acid metabolic process","8/931","45/21188",0.177777777777778,4.04592433464614,4.38494421160403,0.000683807672606334,0.0117111061403211,0.00994078300786161,"841670/837235/838668/837953/838224/842880/841665/843028",8
"GO:0043288","apocarotenoid metabolic process","8/931","45/21188",0.177777777777778,4.04592433464614,4.38494421160403,0.000683807672606334,0.0117111061403211,0.00994078300786161,"841670/837235/838668/837953/838224/842880/841665/843028",8
"GO:1902644","tertiary alcohol metabolic process","8/931","45/21188",0.177777777777778,4.04592433464614,4.38494421160403,0.000683807672606334,0.0117111061403211,0.00994078300786161,"841670/837235/838668/837953/838224/842880/841665/843028",8
"GO:0046351","disaccharide biosynthetic process","7/931","35/21188",0.2,4.55166487647691,4.50818809327058,0.000706515958115002,0.0119739735818032,0.0101639137834088,"844144/844194/840953/840493/842309/843365/838998",7
"GO:0009735","response to cytokinin","15/931","134/21188",0.111940298507463,2.54757362489379,3.85263990883009,0.000818526579843192,0.0137293066536585,0.0116538998671109,"842288/838761/844146/839392/843236/838316/840064/837587/838565/838487/837095/843828/831793/832518/830497",15
"GO:0009268","response to pH","5/931","18/21188",0.277777777777778,6.32175677288459,4.84231296271886,0.000860147244027522,0.0142801996533957,0.0121215164786693,"843432/838501/838600/840339/838916",5
"GO:0006545","glycine biosynthetic process","4/931","11/21188",0.363636363636364,8.2757543208671,5.17444958449531,0.000953749969652978,0.0155175120062539,0.0131717890545759,"837385/840543/838807/838940",4
"GO:0010446","response to alkaline pH","4/931","11/21188",0.363636363636364,8.2757543208671,5.17444958449531,0.000953749969652978,0.0155175120062539,0.0131717890545759,"843432/838501/838600/838916",4
"GO:0007166","cell surface receptor signaling pathway","9/931","59/21188",0.152542372881356,3.47160880409256,4.07556925653134,0.00102303054214181,0.0163966735199128,0.0139180510840912,"844306/843309/838723/838719/838721/843068/838184/844307/842432",9
"GO:0045087","innate immune response","25/931","289/21188",0.0865051903114187,1.96871318186717,3.5547035475243,0.0010279414253418,0.0163966735199128,0.0139180510840912,"840190/839735/842066/843625/837531/842067/842281/837365/839808/843639/838336/837748/838438/842733/838508/839602/839846/841778/841779/842432/2745743/834517/834545/834768/834562",25
"GO:0009688","abscisic acid biosynthetic process","6/931","28/21188",0.214285714285714,4.87678379622526,4.40062919136684,0.00116187779748732,0.0180035731096368,0.0152820418075525,"838668/837953/838224/842880/841665/843028",6
"GO:0043289","apocarotenoid biosynthetic process","6/931","28/21188",0.214285714285714,4.87678379622526,4.40062919136684,0.00116187779748732,0.0180035731096368,0.0152820418075525,"838668/837953/838224/842880/841665/843028",6
"GO:1902645","tertiary alcohol biosynthetic process","6/931","28/21188",0.214285714285714,4.87678379622526,4.40062919136684,0.00116187779748732,0.0180035731096368,0.0152820418075525,"838668/837953/838224/842880/841665/843028",6
"GO:0045934","negative regulation of nucleobase-containing compound metabolic process","23/931","260/21188",0.0884615384615385,2.01323638767248,3.52415984402748,0.00119239224547888,0.0183020960697561,0.0155354381933296,"844423/839495/843928/841183/839392/837800/837886/839748/841486/838055/842527/840218/839666/842582/843216/839413/843257/838518/836440/831793/831802/835360/832518",23
"GO:0045892","negative regulation of DNA-templated transcription","20/931","214/21188",0.0934579439252336,2.12694620396117,3.55215124917361,0.00125512467987849,0.0189082208718732,0.0160499374269063,"844423/839495/839392/837800/837886/839748/841486/842527/840218/839666/842582/843216/839413/843257/838518/836440/831793/831802/835360/832518",20
"GO:1902679","negative regulation of RNA biosynthetic process","20/931","214/21188",0.0934579439252336,2.12694620396117,3.55215124917361,0.00125512467987849,0.0189082208718732,0.0160499374269063,"844423/839495/839392/837800/837886/839748/841486/842527/840218/839666/842582/843216/839413/843257/838518/836440/831793/831802/835360/832518",20
"GO:0006714","sesquiterpenoid metabolic process","9/931","61/21188",0.147540983606557,3.35778556461411,3.95341417879773,0.00130577340080948,0.0194907644322663,0.0165444201048966,"841670/837235/838668/837953/838224/842880/841665/842776/843028",9
"GO:0009873","ethylene-activated signaling pathway","11/931","86/21188",0.127906976744186,2.9109484675143,3.80678545788978,0.00133742638033751,0.0197817520073557,0.0167914202009839,"838316/839539/839143/841486/844046/842951/843708/840115/839733/843685/834768",11
"GO:0048584","positive regulation of response to stimulus","25/931","295/21188",0.0847457627118644,1.9286715578292,3.44345776277423,0.00137097484239291,0.0198594518290535,0.0168573744377564,"841670/843625/842281/841606/839141/837255/838883/840181/837748/837999/837210/843998/843716/841284/842432/837408/2745743/843106/838421/832750/835995/831285/834768/832392/830497",25
"GO:0009080","pyruvate family amino acid catabolic process","4/931","12/21188",0.333333333333333,7.58610812746151,4.8923725984632,0.00138107113535901,0.0198594518290535,0.0168573744377564,"843565/843395/838940/838301",4
"GO:0006575","modified amino acid metabolic process","13/931","113/21188",0.115044247787611,2.61821430947787,3.6975450755766,0.00138418533263329,0.0198594518290535,0.0168573744377564,"840543/843329/839515/844167/843799/844174/839295/838807/838289/838288/839602/843328/836368",13
"GO:0046618","xenobiotic export from cell","8/931","50/21188",0.16,3.64133190118153,4.00864910146573,0.00140371048576592,0.0198594518290535,0.0168573744377564,"843454/838083/842994/841162/837711/842485/840204/840207",8
"GO:1990961","xenobiotic detoxification by transmembrane export across the plasma membrane","8/931","50/21188",0.16,3.64133190118153,4.00864910146573,0.00140371048576592,0.0198594518290535,0.0168573744377564,"843454/838083/842994/841162/837711/842485/840204/840207",8
"GO:0009312","oligosaccharide biosynthetic process","7/931","40/21188",0.175,3.98270676691729,4.04788265397159,0.00161873455570169,0.0223573594388815,0.0189776829060994,"844144/844194/840953/840493/842309/843365/838998",7
"GO:0016106","sesquiterpenoid biosynthetic process","7/931","40/21188",0.175,3.98270676691729,4.04788265397159,0.00161873455570169,0.0223573594388815,0.0189776829060994,"838668/837953/838224/842880/841665/842776/843028",7
"GO:0007623","circadian rhythm","16/931","158/21188",0.10126582278481,2.30464044378578,3.52875701386192,0.001635234033944,0.0223573594388815,0.0189776829060994,"842288/838277/843595/840438/844055/838318/837455/838883/837587/844421/843133/839529/831793/832518/836873/832392",16
"GO:0048511","rhythmic process","16/931","158/21188",0.10126582278481,2.30464044378578,3.52875701386192,0.001635234033944,0.0223573594388815,0.0189776829060994,"842288/838277/843595/840438/844055/838318/837455/838883/837587/844421/843133/839529/831793/832518/836873/832392",16
"GO:0071215","cellular response to abscisic acid stimulus","23/931","267/21188",0.0861423220973783,1.96045490934399,3.3858163780777,0.00169142200545066,0.0227433355608944,0.0193053124937039,"841670/838420/842462/841606/837255/840860/838470/838600/837075/843874/842890/842978/838122/843257/841284/837227/842928/843106/843813/832750/835995/832215/830497",23
"GO:0097306","cellular response to alcohol","23/931","267/21188",0.0861423220973783,1.96045490934399,3.3858163780777,0.00169142200545066,0.0227433355608944,0.0193053124937039,"841670/838420/842462/841606/837255/840860/838470/838600/837075/843874/842890/842978/838122/843257/841284/837227/842928/843106/843813/832750/835995/832215/830497",23
"GO:0009736","cytokinin-activated signaling pathway","10/931","76/21188",0.131578947368421,2.99451636610323,3.73423565689957,0.00175944338432982,0.0234640523467592,0.0199170812790399,"842288/844146/838316/840064/837587/838565/838487/843828/831793/832518",10
"GO:0010565","regulation of ketone metabolic process","9/931","64/21188",0.140625,3.20038936627282,3.77940518726859,0.0018446974635799,0.0242042159132621,0.0205453571495486,"844309/839735/843830/838147/839846/843716/837095/832750/836377",9
"GO:0071229","cellular response to acid chemical","9/931","64/21188",0.140625,3.20038936627282,3.77940518726859,0.0018446974635799,0.0242042159132621,0.0205453571495486,"838420/843129/842462/837455/844174/837075/840218/839815/838122",9
"GO:0009970","cellular response to sulfate starvation","4/931","13/21188",0.307692307692308,7.00256134842601,4.64107496897838,0.00192589082333165,0.0250673949564848,0.0212780527175674,"842043/838580/843708/838651",4
"GO:0031667","response to nutrient levels","24/931","287/21188",0.0836236933797909,1.90313513999034,3.30241893712557,0.0020191407508642,0.0260725555686988,0.0221312670437245,"839418/844137/844220/844398/837965/839349/28717277/840990/842043/839214/843444/838580/839907/839142/842527/838821/843708/838651/837221/837195/840424/842185/831326/836440",24
"GO:0009768","photosynthesis, light harvesting in photosystem I","5/931","22/21188",0.227272727272727,5.17234645054194,4.19753491349702,0.0022844995131542,0.0292667772275739,0.0248426304289955,"838151/839871/842446/839869/839870",5
"GO:0009069","serine family amino acid metabolic process","8/931","54/21188",0.148148148148148,3.37160361220512,3.74084868192326,0.00233153040692947,0.02963593728183,0.0251559859695021,"837385/840543/842043/840141/837733/838807/838940/838352",8
"GO:0071369","cellular response to ethylene stimulus","11/931","93/21188",0.118279569892473,2.69184481942183,3.50537306311156,0.00252591389138097,0.0318578441959445,0.0270420157118877,"838316/839539/839143/841486/844046/842951/843708/840115/839733/843685/834768",11
"GO:0045332","phospholipid translocation","4/931","14/21188",0.285714285714286,6.50237839496701,4.41504390190777,0.00260314993807503,0.0325794226865237,0.0276545159413315,"838324/843201/837881/843602",4
"GO:0090354","regulation of auxin metabolic process","5/931","23/21188",0.217391304347826,4.94746182225751,4.06064225690795,0.00281474867506754,0.0345436630614429,0.029321829609946,"839625/839103/839108/843141/830457",5
"GO:0009850","auxin metabolic process","9/931","68/21188",0.132352941176471,3.01213116825678,3.56275368186758,0.00282483558395859,0.0345436630614429,0.029321829609946,"839625/841602/841026/839103/839108/837075/843141/831178/830457",9
"GO:0052386","cell wall thickening","6/931","33/21188",0.181818181818182,4.13787716043355,3.86730480703697,0.00283369976045197,0.0345436630614429,0.029321829609946,"842281/839028/842951/838438/838512/834430",6
"GO:0009746","response to hexose","10/931","81/21188",0.123456790123457,2.8096696768376,3.49824783026014,0.0028450220345626,0.0345436630614429,0.029321829609946,"840083/840953/839729/839870/838224/838821/843988/842477/837960/841665",10
"GO:0071368","cellular response to cytokinin stimulus","10/931","82/21188",0.121951219512195,2.77540541248592,3.4532141240638,0.00311555158252404,0.0375481661093824,0.0318721534212206,"842288/844146/838316/840064/837587/838565/838487/843828/831793/832518",10
"GO:0051253","negative regulation of RNA metabolic process","20/931","232/21188",0.0862068965517241,1.9619245157228,3.15829578455109,0.0032504067215264,0.0388853804112018,0.0330072261504848,"844423/839495/839392/837800/837886/839748/841486/842527/840218/839666/842582/843216/839413/843257/838518/836440/831793/831802/835360/832518",20
"GO:0042908","xenobiotic transport","8/931","57/21188",0.140350877192982,3.19415079051011,3.556033824121,0.00329918750023931,0.0390843714654549,0.0331761364879998,"843454/838083/842994/841162/837711/842485/840204/840207",8
"GO:0034219","carbohydrate transmembrane transport","6/931","34/21188",0.176470588235294,4.01617489100904,3.77330350034785,0.00331508497986034,0.0390843714654549,0.0331761364879998,"837414/843519/844321/837413/837699/837960",6
"GO:0042126","nitrate metabolic process","4/931","15/21188",0.266666666666667,6.06888650196921,4.21006700140541,0.0034273791134227,0.0395485518974378,0.0335701485390861,"840630/842935/843998/835168",4
"GO:0042128","nitrate assimilation","4/931","15/21188",0.266666666666667,6.06888650196921,4.21006700140541,0.0034273791134227,0.0395485518974378,0.0335701485390861,"840630/842935/843998/835168",4
"GO:0043328","protein transport to vacuole involved in ubiquitin-dependent protein catabolic process via the multivesicular body sorting pathway","4/931","15/21188",0.266666666666667,6.06888650196921,4.21006700140541,0.0034273791134227,0.0395485518974378,0.0335701485390861,"838077/844033/838737/831551",4
"GO:0071482","cellular response to light stimulus","12/931","111/21188",0.108108108108108,2.46035939269022,3.30703544440636,0.00350943045080994,0.0402101643906181,0.0341317476016504,"842288/838761/843129/837229/839141/837587/838835/839529/842794/831793/832196/834867",12
"GO:0009625","response to insect","7/931","46/21188",0.152173913043478,3.46322327558026,3.58535093555334,0.00370040135467706,0.0421017692591579,0.0357374057956298,"841670/838236/838211/843748/842951/838438/842733",7
"GO:0034284","response to monosaccharide","10/931","85/21188",0.117647058823529,2.67744992733936,3.32207121585834,0.00405183150145373,0.0449404600915188,0.038146982589896,"840083/840953/839729/839870/838224/838821/843988/842477/837960/841665",10
"GO:0042430","indole-containing compound metabolic process","10/931","85/21188",0.117647058823529,2.67744992733936,3.32207121585834,0.00405183150145373,0.0449404600915188,0.038146982589896,"842281/839103/837075/838438/838708/839602/843685/838706/830457/834430",10
"GO:0009639","response to red or far red light","21/931","253/21188",0.08300395256917,1.88903087758923,3.04973871353372,0.00406038576118824,0.0449404600915188,0.038146982589896,"842288/838761/841086/839141/841671/838883/838899/837587/840181/839241/843693/843300/839883/838125/839508/843288/838835/838421/831793/834867/832518",21
"GO:0170039","proteinogenic amino acid metabolic process","21/931","253/21188",0.08300395256917,1.88903087758923,3.04973871353372,0.00406038576118824,0.0449404600915188,0.038146982589896,"843565/837385/840543/842935/842462/839103/842043/840141/837733/843395/838807/838940/842908/838352/843742/838431/840006/841665/838301/830457/832075",21
"GO:0072593","reactive oxygen species metabolic process","14/931","143/21188",0.0979020979020979,2.22808770177191,3.15896595724287,0.00422002429000855,0.0463917535124588,0.0393788895340769,"842462/838895/837555/843389/841883/838563/839027/837782/842951/839529/838651/840115/6241153/843028",14
"GO:0034204","lipid translocation","4/931","16/21188",0.25,5.68958109559613,4.02286175897983,0.00441255739968877,0.0478615392619575,0.0406264933922222,"838324/843201/837881/843602",4
"GO:0052544","defense response by callose deposition in cell wall","4/931","16/21188",0.25,5.68958109559613,4.02286175897983,0.00441255739968877,0.0478615392619575,0.0406264933922222,"842281/842951/838438/834430",4
"GO:0042181","ketone biosynthetic process","6/931","36/21188",0.166666666666667,3.79305406373076,3.5956456323086,0.00445690932743789,0.048022460104248,0.0407630884461382,"843810/843222/844187/842350/842354/839932",6
