"","baseMean","log2FoldChange","lfcSE","stat","pvalue","padj"
"AT1G56250",526.043882013941,12.5923897030829,1.25446345664153,10.0380681768088,1.03684806536127e-23,6.69803850223384e-22
"AT1G72450",546.614012602481,2.70694589830597,0.321285246485214,8.42536633075852,3.59623319918514e-17,1.451979154171e-15
"AT1G52200",170.059603640455,5.32029424532719,0.704153352700954,7.55559030560585,4.16964400331131e-14,1.2826619172091e-12
"AT1G33250",144.135760144545,1.56946484609214,0.469141450637055,3.34539794759328,0.000821645896807159,0.00576242369606372
"AT1G53625",379.878533879719,8.58678524190008,0.766702172540957,11.1996359856948,4.09412282304635e-29,3.50047501370463e-27
"AT1G80840",2409.61998935998,7.04360074524236,0.261014604341691,26.985466054695,2.18904957946322e-160,4.24237808499972e-157
"AT1G26440",119.939954353104,2.7648891809298,0.710030511435654,3.89404277196384,9.85872548430228e-05,0.000917098079451735
"AT1G72330",1029.18678453023,5.44834135465954,0.354033870574306,15.3893223431458,1.93043395629872e-53,4.31674731612337e-51
"AT1G05670",275.681671953599,3.7149357760823,0.44518807393026,8.3446435195033,7.14290141415476e-17,2.78716971959032e-15
"AT1G77230",100.836758521134,2.03787198690921,0.62644107179613,3.25309447074762,0.00114155538017741,0.00765445878525535
"AT1G52400",132.766397070298,2.66929795344327,0.595256037407746,4.48428539266511,7.31586932620883e-06,8.97351566721058e-05
"AT1G14880",114.780350111403,6.60739692958036,1.31066602931588,5.04125138043685,4.62497443962493e-07,6.82477192689831e-06
"AT1G65820",516.312206918545,2.48619000961656,0.432332803662602,5.75063929582548,8.8906617136648e-09,1.60031910845966e-07
"AT1G35210",715.540052688093,4.9737327813103,1.74925551963193,2.84334262518539,0.0044643050339647,0.0243028740332123
"AT1G10410",406.875348771361,1.37199667786474,0.413972507699023,3.31422172329919,0.000918986032220309,0.00628586446038691
"AT1G61730",660.825289514539,1.21034441705096,0.34608599888967,3.49723600762251,0.00047010573842402,0.00359804791966214
"AT1G44130",30.0598996826957,8.46076397764994,1.70574128316794,4.96016838024605,7.04321022699433e-07,1.00053916781793e-05
"AT1G08630",89.5856254308741,3.80855852683346,1.01774103002064,3.74216860133487,0.000182439040777951,0.00158077583171834
"AT1G17147",109.738025327206,6.18556911897698,0.924244980936048,6.69256446782368,2.19293085499839e-11,5.26847107064489e-10
"AT1G29150",489.420963416071,1.0322833241849,0.283126287187699,3.64601724000479,0.000266336115402113,0.00223768522391313
"AT1G37130",2492.62648248004,1.17332533565814,0.242434817058551,4.83975589766368,1.29998703317839e-06,1.77838226138803e-05
"AT1G17500",423.014205504523,1.12382991584879,0.299497592194703,3.75238380921002,0.000175161021628939,0.00152453020920756
"AT1G25400",374.429048841872,5.31009902758042,1.19347203247814,4.44928652123877,8.6156017172228e-06,0.000103494025586639
"AT1G70700",651.562852672395,1.30168131566876,0.32997304393393,3.944811067444,7.98629206441428e-05,0.000759939477291402
"AT1G22180",299.533483035016,4.75774535713618,0.520266298530871,9.14482712136288,5.97253142585991e-20,3.07294669999554e-18
"AT1G79670",241.874625225472,2.75005606056782,0.45537423401131,6.03911213057241,1.54964533866577e-09,3.03354814781239e-08
"AT1G77810",122.452913651045,2.48673260623591,0.74358420853795,3.34425150195884,0.000825049057679231,0.0057723648873009
"AT1G16210",574.302397123459,1.32174978745312,0.297297197756322,4.44588713727632,8.75298959828396e-06,0.000104496676641526
"AT1G71140",63.1562280910074,6.98645922794797,1.42493187059314,4.90301281916011,9.43778227317818e-07,1.31270971617842e-05
"AT1G56110",1390.82549954476,1.4560685868727,0.200900775819589,7.24770016906389,4.23907707148433e-13,1.19062773399082e-11
"AT1G02220",59.7929065914313,5.27069402555904,1.03093089335271,5.11255803812234,3.17825292626773e-07,4.78714054749239e-06
"AT1G16420",66.0840165341955,7.77409498990422,1.29880102164317,5.98559352845969,2.15602185848428e-09,4.14967136489537e-08
"AT1G05060",196.367686006505,2.35036621765514,0.419041498351595,5.60891039885284,2.03604394472318e-08,3.48163514547663e-07
"AT1G75510",357.694459293291,1.79294536015305,0.415828122979575,4.31174627465281,1.61970235040166e-05,0.000185373020969198
"AT1G54090",279.318889516155,1.41932021068658,0.425249020256953,3.33762135378694,0.000844988136860339,0.0058765084063469
"AT1G01740",70.7369625752152,2.29154112224313,0.772822728967068,2.96515751459062,0.00302527987550931,0.0176419029049259
"AT1G01260",446.281772103393,3.9322635080275,0.331132345330286,11.8752020558586,1.59248816475469e-32,1.5963321017041e-30
"AT1G04810",626.65136862485,1.29187654492502,0.325714367412825,3.96628664306859,7.30010625991675e-05,0.000706878679047237
"AT1G51920",39.004434466918,8.83722019946239,1.60749381540456,5.49751427643181,3.85182139815235e-08,6.41675920024578e-07
"AT1G09640",1752.46486509692,1.09324712269366,0.256494174672568,4.26226881795372,2.02361804107589e-05,0.00022452891776365
"AT1G21590",822.97918644504,1.39800495251065,0.230590730853702,6.06271096559218,1.33846070750398e-09,2.62899005183384e-08
"AT1G64140",861.865938396175,1.91706043000565,0.290247742341717,6.60491073776773,3.97756932203193e-11,9.2873847543348e-10
"AT1G79340",629.108866211942,1.25700932427554,0.275895956257627,4.5560991227496,5.21123516583428e-06,6.52976751167252e-05
"AT1G57680",664.115800980354,1.05906416289241,0.293989339443565,3.60238968153373,0.000315305225128029,0.00258195011111882
"AT1G67310",353.634686189898,1.13133075195151,0.39453321684555,2.86751711553454,0.00413706426681238,0.0229512324878313
"AT1G07220",166.499569104912,1.86813293291917,0.562678782502123,3.32006997778012,0.000899948867194381,0.00617745302699897
"AT1G56240",55.7075116972661,9.35232918917921,1.51084697726944,6.19012337442784,6.01171428787192e-10,1.25276368708557e-08
"AT1G19025",38.1071946797312,3.86673646933966,1.33603180593319,2.89419492273152,0.00380132102951138,0.0213535076962117
"AT1G15440",397.188632482708,1.74821740667304,0.411315710956294,4.2503054468999,2.13479194441272e-05,0.000233741626456036
"AT1G18850",165.343177885828,2.59701687510984,0.489811848529518,5.30207034171681,1.14496704636847e-07,1.80402124866837e-06
"AT1G80810",889.454086622388,3.61939218787402,0.296240959270797,12.2177304474818,2.49965937129248e-34,2.74207916692348e-32
"AT1G30190",52.1553733406434,7.55803937196334,1.38402415522387,5.46091579647381,4.73684691241787e-08,7.84616180877422e-07
"AT1G71520",104.923509762963,8.4634702604653,1.1794735617449,7.17563371911832,7.1973010859326e-13,1.95537890250524e-11
"AT1G18390",116.583100151301,5.20764218601639,0.813681264752459,6.40010088913707,1.55274317156526e-10,3.39980406113288e-09
"AT1G28190",870.188569174067,5.94766735476842,0.4105164667701,14.4882552496957,1.43747928173625e-47,2.38785844114701e-45
"AT1G12880",553.737044160928,1.96497316862462,0.361847466019168,5.43039085016152,5.62307627937285e-08,9.15758136926436e-07
"AT1G23850",275.626913669835,6.32370562391212,2.03155099933107,3.11274766225132,0.00185354422831411,0.0116126143786835
"AT1G05350",233.102798923088,1.44247020379435,0.554655494847228,2.6006597197629,0.00930446950393337,0.0442598852973344
"AT1G71150",21.1574568484775,7.94987959833506,2.513275959732,3.16315427581728,0.00156069600792916,0.01003748516604
"AT1G57560",131.808258657548,10.5941126998045,1.31044030448857,8.08439168386165,6.24752436267174e-16,2.21482357588863e-14
"AT1G48040",194.749180745223,1.99994148466917,0.641616729149983,3.11703450643923,0.00182680188508392,0.0114574176481962
"AT1G11330",619.640256111653,2.82883502605159,0.37138341036782,7.61702043516133,2.59598250056689e-14,8.07114559267159e-13
"AT1G62422",228.696865174739,3.13056596708495,0.536124414827843,5.83925275645247,5.24354682685416e-09,9.70891122653825e-08
"AT1G42440",409.358152320311,1.11355988403639,0.35325305064259,3.15230082800632,0.00161989290419552,0.0103381529582797
"AT1G67920",108.63956371093,7.18544484797069,1.07198020282536,6.70296413033784,2.04233611870007e-11,4.94755924755092e-10
"AT1G67810",374.114783782616,4.28144592633453,0.642903947172235,6.65954213715152,2.7468194640977e-11,6.54508539519017e-10
"AT1G44608",9.4536134657368,6.79474813986445,2.38606975215266,2.84767372526909,0.0044040050006456,0.0240873801258265
"AT1G15130",668.76529629677,1.06180066902412,0.265547356776652,3.9985360122307,6.37354847278509e-05,0.000627001875139975
"AT1G09932",654.437987231459,8.46603899719628,1.14024840104085,7.42473218069696,1.13008343804896e-13,3.36862405259615e-12
"AT1G66400",32.194614638718,5.48278976895085,1.63875992591883,3.34569431570444,0.000820768265304592,0.00576242369606372
"AT1G20440",1474.16957361232,1.66271968871277,0.223962908588092,7.42408508263668,1.13562145563957e-13,3.36862405259615e-12
"AT1G01550",1277.36908877881,2.35069286418445,0.30229895207044,7.77605363195801,7.48219958354114e-15,2.4302518647323e-13
"AT1G03650",31.9839745878547,4.41396505722915,1.60564739500235,2.74902514148986,0.00597728012779377,0.0308631497895142
"AT1G17330",126.28784013704,2.7052872593676,0.554342573418362,4.88017227810125,1.05993209598885e-06,1.47075064584228e-05
"AT1G58225",21.0044594619751,7.94050939983899,1.90888759251243,4.15975745821045,3.18585723409692e-05,0.000336162866770226
"AT1G76680",1515.34596510566,2.38024657053328,0.228007323817457,10.4393426083055,1.63942054569505e-25,1.17673963613222e-23
"AT1G59940",14.3995974712191,7.3942284237205,2.69697926897259,2.74167047140014,0.00611276322217456,0.0313954111075291
"AT1G01680",34.6108214396754,7.70670332070301,1.6201164137742,4.75688244078064,1.96605584373361e-06,2.62773532769361e-05
"AT1G64160",13.2461627335643,7.28413134215924,2.64289301166745,2.75612039912412,0.00584914621437009,0.0303362498575805
"AT1G74250",644.047640630583,1.30821810501792,0.343036455894182,3.81364161895807,0.000136933998551157,0.0012229405031896
"AT1G22890",161.07452767393,1.83642786328578,0.603084640060475,3.04505825766285,0.00232635242779599,0.0140305114265621
"AT1G17070",135.82327207684,1.77188049506316,0.592191388797,2.99207406352637,0.00277089030434247,0.0163386980014677
"AT1G34300",170.239829578138,1.22041776779063,0.467893693582083,2.60832275478518,0.00909871187932239,0.0434674698984227
"AT1G03730",505.666604530154,3.75189542054367,0.31280917256398,11.9941988586549,3.81086487864758e-33,3.95649435793875e-31
"AT1G08290",60.810578129638,3.2992899927991,1.15619252103366,2.85358184971606,0.00432293902577287,0.0237782095514129
"AT1G31540",351.86440172974,1.49022222506293,0.335092155732868,4.44720116412071,8.69963610452267e-06,0.00010407342450966
"AT1G48850",1084.01687887221,1.72293371983205,0.316383655682044,5.44571025996219,5.15990705301639e-08,8.47449141419133e-07
"AT1G70440",69.4534623190401,6.52583114060892,1.13434876809521,5.75293183556506,8.7708857326929e-09,1.58366241148685e-07
"AT1G75335",37.031361650347,2.45349884045429,0.948606560651504,2.58642406897252,0.00969775348042219,0.0459142823576341
"AT1G02750",156.319121960706,2.25035103779311,0.616282801943116,3.6514908913535,0.000260722347702075,0.00219368991250342
"AT1G15385",29.3420231835484,8.4302635594356,1.71102859409699,4.92701500636506,8.34953445387803e-07,1.1754041964854e-05
"AT1G07690",14.662694501184,7.42059695849337,2.67302199688689,2.77610770399036,0.00550139807528807,0.0288935215986674
"AT1G61400",70.8423222408893,2.88655295814862,0.800358994143019,3.60657277455773,0.0003102678701471,0.0025514814668108
"AT1G03080",2456.19256227494,1.27513867997266,0.21254554959756,5.99936664111315,1.98088636070275e-09,3.85179709067751e-08
"AT1G05800",98.231674074639,10.169076611253,1.35673106250359,7.49527809327807,6.61579438533766e-14,2.01383395583001e-12
"AT1G61550",13.4666471561113,7.29897480300926,2.1934405501077,3.32763739717079,0.000875857866793702,0.0060694131555883
"AT1G04960",243.981528697192,2.57457541080105,0.577761621987979,4.456120505101,8.34561322271855e-06,0.000101086240160178
"AT1G32960",64.6935045760474,9.56564897662934,1.44347065507247,6.62683993125519,3.42949163139835e-11,8.03994530038308e-10
"AT1G28380",984.317124070367,3.64665040800263,0.309710079991989,11.7744001360788,5.28920106104658e-32,4.95990564014916e-30
"AT1G69730",199.362340191617,1.77076760749634,0.626836233537153,2.82492860615944,0.00472911519889607,0.0255768146664016
"AT1G66570",24.7163439393088,8.18136649232889,1.92462926138439,4.25087919864838,2.12932998097514e-05,0.000233583481309235
"AT1G35720",733.627275274137,1.27286276210994,0.310786860143301,4.09561318494298,4.21052452911314e-05,0.000433227747265179
"AT1G65540",670.365473468235,1.98429518396119,0.307104674315829,6.46129919182061,1.03807842744188e-10,2.33026562824211e-09
"AT1G56140",191.618794707044,2.33082220811653,0.544563887154716,4.28016301318621,1.867564708147e-05,0.000208808100253205
"AT1G69250",358.94138467007,1.36714382589606,0.330672910130597,4.13442947399626,3.55837502816951e-05,0.000371951825551916
"AT1G72280",126.419550240047,4.20976625656698,0.835785677471387,5.03689686248674,4.7313954990784e-07,6.96413504598527e-06
"AT1G70420",113.731690991149,3.59392958719173,0.982920728256173,3.65637785823056,0.000255804210458,0.0021585568644453
"AT1G69550",506.312747494433,1.26416653280322,0.30352757244162,4.16491497834639,3.11468614535224e-05,0.000330452285567115
"AT1G74100",3980.66185380844,2.65714760843528,0.250852489355286,10.5924705601463,3.22953804240778e-26,2.43851093228037e-24
"AT1G47720",114.878881041135,2.49890547034134,0.680852152642176,3.67026154010657,0.000242302420720946,0.00205356599718889
"AT1G30700",46.6839025475634,6.15629898356397,1.46784383660152,4.19411032022151,2.73944642526901e-05,0.000292778336700625
"AT1G45145",901.501381339817,5.90457843152631,0.522563171397855,11.2992624714282,1.32324619167724e-29,1.1482616952853e-27
"AT1G72940",288.410019051025,4.09234946612815,0.477610138171425,8.56838902498195,1.04942755764375e-17,4.45355607309546e-16
"AT1G27360",113.082000945086,3.37097941031337,0.599009381158019,5.62759034557441,1.82744454008813e-08,3.15274853295916e-07
"AT1G51680",4294.82899726346,1.12989676372879,0.171157119770287,6.60151774723273,4.06969536170422e-11,9.46448353317932e-10
"AT1G27910",166.199083265827,1.43526700960707,0.558648611218059,2.56917672537959,0.0101940455412258,0.0478741363301186
"AT1G57690",19.9958859779505,7.8767913420551,2.16209536340285,3.64312854806649,0.000269344238083086,0.00225934044787699
"AT1G78830",2618.84282034705,1.72280292164095,0.209955168382229,8.20557519453171,2.29489503494922e-16,8.60807724722242e-15
"AT1G05575",123.411873773674,10.5009362095864,1.33275590346555,7.87911438417266,3.29709567143628e-15,1.0953893847846e-13
"AT1G61810",32.5341120327235,4.74056208624685,1.51795809618497,3.12298613391313,0.00179026182023256,0.011289134731922
"AT1G80590",14.9109871500632,7.45219582355399,2.54873067498374,2.92388517025305,0.00345692245852475,0.0198015243092245
"AT1G68300",204.505903103409,1.5377351478222,0.479509682160111,3.20689071573061,0.00134177957932284,0.00882478107939254
"AT1G69790",184.069234354627,9.27624150922618,1.10489251206409,8.39560537150978,4.63499915657892e-17,1.84574555454451e-15
"AT1G64610",552.336688400559,4.72575065322147,0.393993478395488,11.9944895343618,3.79751077369924e-33,3.95649435793875e-31
"AT1G70990",21.5430650099696,6.99202488802005,1.84455042805814,3.79063905310571,0.00015026018181618,0.00132566418373182
"AT1G61120",124.650219326287,10.5100689238182,1.35468572353317,7.75830788000543,8.60700023192927e-15,2.78006107491315e-13
"AT1G28390",255.018804809562,2.53754991228586,0.480181458159047,5.28456455193938,1.26004113246476e-07,1.97996733625679e-06
"AT1G78850",3978.09308801153,4.47486176884127,0.256834458840426,17.423136245209,5.50738647857934e-68,1.60099724932302e-65
"AT1G76040",1029.59371321605,2.5584266360985,0.245529812933821,10.4200243771948,2.00901698025091e-25,1.40728008712997e-23
"AT1G02520",94.4909428278739,4.68283063987318,1.00567780746947,4.65639253953143,3.21798119806056e-06,4.16689146670915e-05
"AT1G75170",102.476256102334,3.03392804652927,0.705114652078711,4.30274429496694,1.68695503404392e-05,0.000191936527748167
"AT1G26410",35.7485163199589,8.71459442482963,1.75514857954353,4.96516051484147,6.86442714888814e-07,9.80943110506914e-06
"AT1G61360",553.637564561475,5.30421224237838,0.418642180574844,12.6700377756849,8.66726495224103e-37,9.88068204555477e-35
"AT1G21270",397.530684891568,1.10260902672812,0.361949943320788,3.04630252628857,0.00231674604412443,0.0139985574641754
"AT1G80610",210.888390012524,2.02773948465538,0.549911241657317,3.68739413026764,0.000226562304970411,0.00192859918169541
"AT1G31870",264.38119777134,1.57711910078056,0.393501021734097,4.0079161518576,6.12568593371911e-05,0.000604664482489693
"AT1G12420",428.936954765183,1.12831770811217,0.376627206555601,2.99584758740897,0.00273683188654097,0.0161871216565099
"AT1G67980",19.8492687043498,7.8595892351995,2.04363894724188,3.84587955020475,0.000120120764170566,0.00108782262132036
"AT1G65500",83.5739710138847,4.14095667326523,0.923360721673097,4.4846575948801,7.3031113196144e-06,8.97351566721058e-05
"AT1G03850",114.688308408408,3.46671353185745,0.802410835647443,4.32037228044191,1.5576619066462e-05,0.000179687427088116
"AT1G23540",33.8261375200041,5.78003373751602,1.43210153655584,4.03605023105893,5.43585827935672e-05,0.000543960069469535
"AT1G23560",81.2972294026553,3.96803633792581,1.14963595171634,3.45155901918496,0.000557357844799931,0.00413326340518724
"AT1G67520",158.330200895518,2.39572688452659,0.542201062346347,4.41852119241377,9.9378537037615e-06,0.000117198136782291
"AT1G69930",304.526258431147,8.99396286840192,0.86760881907487,10.3663801827097,3.52630492920907e-25,2.411992571579e-23
"AT1G80530",270.751834658314,1.23790040650955,0.472866702408651,2.61786334331436,0.00884822324106793,0.0425505127572944
"AT1G30850",21.6615029918723,7.98376730148192,2.0200320597746,3.95229732263395,7.74044816804873e-05,0.000741399763575541
"AT1G29930",25963.3178478173,1.24750841467936,0.142282287890728,8.76784055958839,1.8212548711511e-18,8.40379033402581e-17
"AT1G47130",14.1652781739016,7.38302365622585,2.18761981093044,3.3749116822478,0.000738393833067094,0.00524819284285096
"AT1G03740",1587.15185281307,3.92571641502147,0.268330619525741,14.6301470251883,1.80396895229724e-48,3.08478690842828e-46
"AT1G53620",19.5000730124284,7.84284169846772,2.44056189934418,3.21353934951424,0.00131109831532178,0.00864254603773337
"AT1G02450",36.0189899427382,5.55822600183808,1.30679160741862,4.25333769384818,2.10607603702452e-05,0.00023234774343948
"AT1G53970",30.1538625375153,8.4703168967006,1.71134088552905,4.94952055918541,7.43965191530671e-07,1.05241207385872e-05
"AT1G15125",294.736015629912,3.90748892015714,0.675048208728605,5.78845906060037,7.10350564445894e-09,1.29061818177763e-07
"AT1G13210",1481.75194513033,4.65264816696032,0.316107038771567,14.7185845182098,4.89805514978888e-49,9.18622343253953e-47
"AT1G03230",148.396649595181,2.73018876418042,0.826846662293954,3.30192874771478,0.000960224588905811,0.00652952720455952
"AT1G34220",270.233742733348,1.23573584944109,0.478991794323242,2.57986851567476,0.00988379394886569,0.0466431639762217
"AT1G18900",494.827190454673,3.12617931639092,0.488478234795367,6.39983338807416,1.55546591032223e-10,3.39980406113288e-09
"AT1G69070",448.555804889266,1.33732284918633,0.349906804754211,3.82194010238162,0.000132405854611355,0.00118797475109633
"AT1G49050",272.99434783101,2.83406763141193,0.495704991966458,5.7172465021367,1.08264010229087e-08,1.93081888181568e-07
"AT1G25275",780.076769554531,2.14585747643552,0.376749469348664,5.69571466190872,1.22856199583012e-08,2.17108189779827e-07
"AT1G49950",207.274573114294,1.45470319157422,0.478504675373806,3.04010235728169,0.00236497758386402,0.0141906285473683
"AT1G16670",395.345226664578,3.96020173812817,0.563885659610747,7.02305808035962,2.17063924031998e-12,5.60893179698683e-11
"AT1G09970",6041.80015606642,3.32927494908874,0.180914709425827,18.4024558293514,1.25543837160739e-75,4.86607912835025e-73
"AT1G23860",384.541763867291,2.02927218528085,0.403616409792422,5.02772468127472,4.96333784484818e-07,7.28708238129983e-06
"AT1G61280",38.3081866599146,6.04194283965382,1.26124729113429,4.79045059769371,1.6640719191284e-06,2.23439125584585e-05
"AT1G65240",15.7329339978662,7.52227245699144,2.35577807229328,3.19311591590999,0.0014074643559862,0.00919437951202669
"AT1G07990",379.068174308607,1.17204891767248,0.421855251229375,2.77832008551958,0.00546407632265662,0.0287494477284394
"AT1G74360",824.741731157271,4.72330479857559,0.288537108227937,16.3698348111408,3.14065226067506e-60,8.29988738343854e-58
"AT1G01560",404.494617951472,7.77770231617829,0.645174956078874,12.0551832381222,1.82127003292858e-33,1.9609007354531e-31
"AT1G34180",52.6068551743433,4.81438497508562,1.36817396176418,3.51883978911406,0.000433438370448111,0.00336906494125536
"AT1G72760",57.9558268523217,9.40435106417878,1.50223374392289,6.26024485352095,3.8437347595204e-10,8.12635414249148e-09
"AT1G05010",1309.15190929796,2.37609006832277,0.263582291612111,9.01460433396426,1.97582395590992e-19,9.81832519629083e-18
"AT1G48110",460.061062920251,1.54371650550823,0.439804317905297,3.51000761625228,0.000448093858864524,0.00345061946415675
"AT1G23840",66.0191993626702,9.59269198616122,1.46986930264547,6.52622105169236,6.74497546623023e-11,1.53785440630049e-09
"AT1G05880",94.6866939570063,9.15667105364921,1.36641255554856,6.70124920652034,2.06645275277235e-11,4.98521008490391e-10
"AT1G33560",92.4235862760036,3.334793639614,0.621466327615445,5.36600856945789,8.04981186235069e-08,1.29286204883168e-06
"AT1G15170",69.1046918383606,3.17889122207158,0.794817279164509,3.99952455162167,6.34698634757222e-05,0.000625447095335337
"AT1G19230",79.3412867849566,5.34636572847391,1.25930556576557,4.2454872540992,2.18118908431093e-05,0.000237925578540033
"AT1G10050",137.632878840069,3.02418702869184,0.74011164436934,4.08612275147865,4.38641774517269e-05,0.000448990013563979
"AT1G51805",136.761208059085,2.42038462139455,0.888160782924289,2.72516493401721,0.00642693727484111,0.0326342474374902
"AT1G07240",461.716655705629,3.5948467082259,0.414237291358573,8.6782305292599,4.01973631643611e-18,1.75719901832779e-16
"AT1G51760",2768.99335243179,4.89819743240775,0.242522755954034,20.196857046009,1.04329720864322e-90,6.73969996783521e-88
"AT1G13550",8.91455403735168,6.70538148084972,2.43260202023655,2.75646465187004,0.00584299277882548,0.0303313928715101
"AT1G77180",1120.61616803884,1.57385637430011,0.258443646829382,6.08974681176485,1.13089394016698e-09,2.25171827675714e-08
"AT1G68765",137.248438085374,10.6524285096827,1.30855711855583,8.14059115848079,3.93352545199482e-16,1.42046689303714e-14
"AT1G14040",474.37291982493,6.21803902856846,0.484927201889943,12.8226236934831,1.22484539553228e-37,1.42425022592493e-35
"AT1G63840",141.963486819398,2.33262322082506,0.524849169667436,4.44436869796917,8.81503230346831e-06,0.0001048505656393
"AT1G54100",413.302502844519,1.0999373860614,0.313010355783011,3.51406068757647,0.000441311976572086,0.00340290163367388
"AT1G28280",1082.43300178711,1.80144876845035,0.211979807242389,8.49820929589994,1.92537728670283e-17,7.99581681777877e-16
"AT1G02930",2243.01227686088,7.18507917989045,0.284660218818772,25.2408967073295,1.42569485718734e-140,2.0722474749218e-137
"AT1G18480",396.954980653913,2.20413269808887,0.375847176896013,5.86443861649305,4.50654769663305e-09,8.42478080650308e-08
"AT1G10270",296.606966345649,1.57637768249762,0.540634204887195,2.91579346672403,0.00354785272542742,0.0202029537175661
"AT1G61430",171.864269143272,2.03019595222406,0.563510726422495,3.60276363346793,0.000314851808241984,0.00258187364332707
"AT1G57610",439.130967725054,2.51996196451653,0.360981816951753,6.98085567244329,2.93387597811228e-12,7.4813837441863e-11
"AT1G14870",925.218998194491,7.21766576114966,0.507766967956378,14.214524017186,7.44559614054639e-46,1.1391762095036e-43
"AT1G13110",102.584225635449,1.99833783324105,0.716536458135338,2.78888507423807,0.00528898297735373,0.0280055983882829
"AT1G34420",114.954965897404,3.25278473035406,0.91956620890162,3.53730345772423,0.000404234922783274,0.00318458244046336
"AT1G01470",890.50886254478,1.12862792325315,0.339560861963657,3.32378683669954,0.000888040462036953,0.00613190884356633
"AT1G09940",640.918136985689,2.75106791684862,0.515871104631589,5.33285910404558,9.66783253992597e-08,1.527412456172e-06
"AT1G56145",228.876980633376,1.65331213833896,0.527925414081286,3.13171537918119,0.00173788263208461,0.0109707379185015
"AT1G06840",190.056314880925,1.26240681818809,0.483518442011895,2.61087625310688,0.00903105662443556,0.0431797394855825
"AT1G67865",2975.7044954981,2.19332527428583,0.250973565167157,8.73926810907357,2.34625451778222e-18,1.04931721279891e-16
"AT1G15625",16.8338336408106,7.63134742437939,2.10055093650012,3.63302183811573,0.000280121300233363,0.0023266074850811
"AT1G03495",71.8220718359439,2.74738957866946,0.687936331872047,3.99366838380687,6.50588383764325e-05,0.000636788024108718
"AT1G17440",556.615976518715,1.28042329065401,0.316981666920646,4.03942380356826,5.3582671170091e-05,0.000538047755065474
"AT1G70160",916.920413451822,2.05142314292478,0.33269845530508,6.16601342811663,7.00331399542285e-10,1.42368068424435e-08
"AT1G01340",108.026130614595,4.18169894022205,0.703643727133621,5.94292079779736,2.79987736164749e-09,5.33720884610442e-08
"AT1G30620",378.460581573945,3.24788731665679,0.388777362842183,8.35410604391392,6.59300982885743e-17,2.58998372601197e-15
"AT1G72000",18.6492513869775,7.76588435300685,2.03181493370146,3.82214158592651,0.000132297687911193,0.00118797475109633
"AT1G13260",152.808282808457,2.6971604961023,0.553513275992168,4.87280181539939,1.10026583417947e-06,1.51946450354381e-05
"AT1G13000",141.428333020397,1.19825324189562,0.468895378469313,2.55548102394879,0.0106041142841937,0.0494008977951138
"AT1G33610",44.2248065825544,3.82261538322458,1.164812680053,3.28174259147888,0.00103167737636355,0.00698273837738961
"AT1G12200",965.911848528981,1.91798946079452,0.32682131325674,5.86861805823481,4.39442440077768e-09,8.24167208584563e-08
"AT1G56060",228.752226749509,7.59635456169221,0.703444906353106,10.7987910539778,3.48765312579575e-27,2.81627989908007e-25
"AT1G59865",166.980598768545,8.25139353414972,0.932138955927617,8.85210673974928,8.58825039301788e-19,4.12661882520711e-17
"AT1G57990",1654.28935013594,3.92386449538614,0.301797866457127,13.0016309970951,1.19761543214334e-38,1.45061169218362e-36
"AT1G54270",905.26517843148,1.45387117595916,0.309128664669447,4.70312637462396,2.56207724668959e-06,3.39314740598024e-05
"AT1G27760",457.79903899454,2.76975510207619,0.316389965014686,8.7542444715262,2.0547527204398e-18,9.26072272607518e-17
"AT1G27020",91.515044127062,2.66524981557636,0.993672078499842,2.68222271033329,0.0073134753640256,0.0363113114999529
"AT1G45180",167.66144660541,1.40027518613348,0.430484077623964,3.25279205182739,0.00114277093663599,0.00765445878525535
"AT1G22885",361.761817043721,1.59569139120845,0.397986019402604,4.00941569154529,6.08691803799045e-05,0.000601859548858444
"AT1G61040",308.272593872279,1.20889959103635,0.449481151563732,2.68954457118084,0.0071549591554187,0.0357994255848574
"AT1G31930",783.873107606892,2.13193547937106,0.244641497487761,8.71452922445311,2.91969389673357e-18,1.29580918439763e-16
"AT1G59870",7651.09754316863,3.63159921979927,0.171857811531797,21.1314178123777,4.09077929606571e-99,2.97297385341575e-96
"AT1G71697",228.171826099679,1.51474419569047,0.44430694358116,3.40922917720231,0.000651467260972917,0.00471513916081162
"AT1G30420",605.246457049971,3.9877045661326,0.443136560377857,8.99881644324795,2.28164025818635e-19,1.12419122551656e-17
"AT1G33600",933.396667495476,5.64634319650224,0.478505973450976,11.7999429678608,3.9057607946948e-32,3.78468221005926e-30
"AT1G68945",284.257131931098,1.24985200100002,0.400790512251717,3.11846703650272,0.00181794476299141,0.0114265198400346
"AT1G15790",78.2939108676447,4.3142333434244,1.02816000885496,4.19607192097375,2.71584037919578e-05,0.000290789980932675
"AT1G44350",690.1153121646,5.77893636961697,0.442549700020241,13.058276549171,5.70036970794267e-39,7.05147861318695e-37
"AT1G74950",357.458581588142,1.61325280284504,0.517209367241161,3.11914846293344,0.00181374546981553,0.0114124633782549
"AT1G76590",134.158794382212,3.84662609644808,0.802054368320781,4.79596676781596,1.61892120355571e-06,2.1787981197854e-05
"AT1G07180",11.5473585391671,6.12305765816722,2.11061716634154,2.90107450835372,0.00371885442147009,0.0209713090266024
"AT1G33030",312.784936518339,10.0466632115263,1.06454531740141,9.43751576123645,3.8172198318156e-21,2.1546908837064e-19
"AT1G14686",27.312556740946,8.3274483302658,2.2798926733399,3.65256155592035,0.000259637330010204,0.00218772671982511
"AT1G15860",193.636929086958,1.95778776722181,0.522565990177476,3.74648906362409,0.000179326817790296,0.00155612853527281
"AT1G51800",78.5662939691352,4.15874647517929,1.06483313912812,3.90553817529051,9.40159141431401e-05,0.000877381259756366
"AT1G68310",152.206885353629,2.18262715569363,0.566839718034541,3.85051909076108,0.000117867741667761,0.00107243043827287
"AT1G69840",1055.04912304678,4.12875306735986,0.276674237417681,14.9227955081589,2.34250119093548e-50,4.53976730803297e-48
"AT1G04370",44.1156978871609,9.01713412000693,1.54285041663567,5.84446426094219,5.08201129359923e-09,9.43987656900509e-08
"AT1G80110",14.627584145963,4.44560590501989,1.65134477323039,2.69211249951355,0.00710009907149466,0.0356243356875549
"AT1G17380",841.004914630982,6.10287010856504,0.338930683656806,18.0062484833763,1.7403103067688e-72,6.32385257722112e-70
"AT1G62310",900.885231158838,2.145313641664,0.275582533243581,7.78465026942693,6.9906311069755e-15,2.28334434022222e-13
"AT1G80300",2083.26942845391,2.58993205966209,0.266866966908979,9.70495558015408,2.8720137944552e-22,1.6866553738346e-20
"AT1G21240",97.9211159198742,10.1687575262701,1.44668271024105,7.02901711224276,2.07993471923565e-12,5.39854484715897e-11
"AT1G70130",75.5054437275883,4.25196335791011,1.36635827608659,3.11189490511101,0.00185890662929332,0.01163367399646
"AT1G30720",36.0904673187365,4.76262344500454,1.22610481200889,3.88435262496139,0.000102602905616116,0.000951408761167618
"AT1G25560",593.860714494231,1.53052727490529,0.293704950498194,5.21110479176177,1.87719375694548e-07,2.89496140659973e-06
"AT1G10170",2361.94691028126,3.81088998404921,0.201982295948661,18.8674456152229,2.11266737320466e-79,8.77360579129422e-77
"AT1G61580",395.080414408976,1.35937231933893,0.412352662624576,3.29662554059111,0.000978538710395934,0.00663853449503146
"AT1G77370",222.595038496127,1.72458368985922,0.42093468066733,4.09703397953609,4.18477494999382e-05,0.000431387970908937
"AT1G61470",55.6329603199687,6.01222999065237,1.19988093269071,5.01068883324122,5.42355498397076e-07,7.8831371692015e-06
"AT1G70520",563.88606025471,2.7338256695613,0.311415911142331,8.77869618007995,1.65380612048742e-18,7.75421676170475e-17
"AT1G28480",466.274774962271,11.4550184477677,1.21654874289567,9.41599628840358,4.68616846028853e-21,2.59902478668309e-19
"AT1G73810",89.7862002636765,6.88029790893436,1.07270089295166,6.41399476232601,1.41755080048338e-10,3.12183346742817e-09
"AT1G25220",810.668066528324,3.2274242915385,0.449575092305873,7.17883251713307,7.03092115812527e-13,1.9191443949925e-11
"AT1G67170",103.695831989306,2.08929066936227,0.583815395436798,3.57868375122088,0.000345329032424046,0.00278993342373331
"AT1G60500",81.9121942448278,9.90474045428744,1.40825607678762,7.03333762768574,2.01650613954643e-12,5.25738416830627e-11
"AT1G32920",1381.97095255715,4.65954577597146,0.347196647966952,13.4204803049106,4.58730443771196e-41,6.06149727292213e-39
"AT1G29290",207.525602433955,11.2495886026498,1.29142610377719,8.71098127081894,3.01255441890929e-18,1.32689328723777e-16
"AT1G65510",36.8581791098723,7.77898944985144,1.6062266893812,4.84302091434448,1.27879822353993e-06,1.75352190369367e-05
"AT1G14330",324.624530130922,1.5874828141042,0.37997132141854,4.17790165894016,2.94210803594743e-05,0.000313286009542094
"AT1G26580",905.787024402435,1.05526810322859,0.255981677044996,4.12243608765443,3.74886642150484e-05,0.000388518883683229
"AT1G30135",155.148519646473,7.87758122138651,0.98292772121965,8.01440538436717,1.10671117678661e-15,3.87615589267312e-14
"AT1G43910",847.132932505007,2.6970358682094,0.364615397492926,7.39693355451815,1.39365239985761e-13,4.07170605666943e-12
"AT1G19380",131.841264127888,3.05624763856952,0.571427870966672,5.34843992365883,8.87156136808913e-08,1.40542936768584e-06
"AT1G29940",492.315089933096,1.11537361597495,0.402942695539538,2.76807007130747,0.00563893303214383,0.0294562054347567
"AT1G63830",525.722920016899,1.57461100880693,0.383280564019293,4.10824642996422,3.98674594244998e-05,0.00041243667098584
"AT1G72750",376.609687842221,1.7268889899943,0.327377477368472,5.27491690593804,1.3281625313133e-07,2.07022438526957e-06
"AT1G07630",290.607648912,2.42309482071959,0.503930874928181,4.80838730324854,1.52152764725803e-06,2.06204236390633e-05
"AT1G59740",241.537474980217,3.64996614756432,0.539183904584791,6.76942712222659,1.29293320174174e-11,3.21244172432754e-10
"AT1G67230",2326.51552598813,1.22763777791464,0.22553808070973,5.44315077104265,5.23463042999347e-08,8.57299755492451e-07
"AT1G31290",218.266799092499,5.93911360236443,0.702191808540529,8.45796480410186,2.72084204099484e-17,1.10622207177231e-15
"AT1G02360",25.862888024468,6.38845454560156,1.82678266948672,3.49710704634424,0.000470333061393743,0.00359804791966214
"AT1G51620",92.7734195965287,4.98191235448128,0.99253306058734,5.01939184930847,5.18353184228213e-07,7.55314639875396e-06
"AT1G21250",426.195256629533,1.69900591968034,0.512286959611242,3.31651213798153,0.000911486279471903,0.00624190957461678
"AT1G77655",15.5404317108541,20.9298872961446,3.14754383796566,6.64959357950425,2.93903437032058e-11,6.97450850165054e-10
"AT1G08930",1361.23932787243,2.77771523849494,0.305959089163366,9.07871456308262,1.09864643218386e-19,5.55437422323214e-18
"AT1G16410",584.9914872183,1.98557194518956,0.389290251717049,5.10049233555622,3.38771099948359e-07,5.07632777087567e-06
"AT1G33590",2223.81008977925,4.59366075277238,0.2554957475012,17.9794019967037,2.8252322274001e-72,9.66229421770833e-70
"AT1G07430",80.7223866866618,5.48758056752623,1.19895818871228,4.57695741118384,4.7178746105131e-06,5.96298325772242e-05
"AT1G17340",233.668545648661,1.02655242901525,0.387082597485711,2.65202423380231,0.0080010799033191,0.0390793832100918
"AT1G08450",518.465023174246,1.27017367913704,0.35651544420209,3.562745176383,0.00036699688393644,0.00294712691050617
"AT1G61820",470.538436005246,6.62511803254641,1.63847255228803,4.04347208825367,5.26654283982567e-05,0.000529752250358935
"AT1G22410",4283.57865529363,2.61282779897546,0.202004244330624,12.9345193098963,2.87415065928407e-38,3.41026774144441e-36
"AT1G24140",389.810259404633,8.19612196788949,0.653398132795013,12.5438405108831,4.29657188404255e-36,4.80389787188912e-34
"AT1G25370",248.049338607251,5.59074856953711,0.749558971933751,7.45871743101655,8.73687494288874e-14,2.61836035659563e-12
"AT1G74710",410.336140303988,4.79164368447939,0.420720618964515,11.3891344243424,4.73671591555678e-30,4.17261611106775e-28
"AT1G80270",167.133653372633,1.51050123601232,0.578408202454749,2.61147962563774,0.00901513595193798,0.0431434212297683
"AT1G55920",534.594924048163,3.39713615877041,0.429699234070127,7.90584643726871,2.66119073336459e-15,8.94344677675246e-14
"AT1G13490",44.2027175540683,9.02158585992942,1.66469729529755,5.41935514968016,5.98143899015626e-08,9.71399058345489e-07
"AT1G22400",1230.07158500287,4.25818846102166,0.361334353683926,11.7846211344368,4.68522168659879e-32,4.46555391571891e-30
"AT1G66760",104.888473753519,7.87182735785893,1.12146998957522,7.01920464304223,2.23134766040999e-12,5.74028995470074e-11
"AT1G42990",1734.88761183396,3.84756868067613,0.325070305015367,11.8361124387977,2.53953902969076e-32,2.50252202010544e-30
"AT1G60730",458.695071044152,4.72918977249855,0.538961021366838,8.77464155108108,1.71449092955694e-18,7.97444021155526e-17
"AT1G29340",868.233026618784,1.14160591286134,0.246972661075856,4.62239791193204,3.79329502700895e-06,4.84708072242418e-05
"AT1G67470",155.849276178353,4.44894482457583,0.57382812830811,7.75309645013956,8.96784512460288e-15,2.88061058311829e-13
"AT1G52410",191.643558188149,1.86938046821529,0.727796174490111,2.56854945620587,0.0102125138403651,0.047922159376822
"AT1G27500",102.925397091187,2.24658237834732,0.790055492215577,2.84357542031277,0.00446104499925829,0.0243028740332123
"AT1G54030",129.63713991976,2.03798224863391,0.52693608431483,3.86760806347866,0.000109908127716748,0.00101108521288794
"AT1G04100",101.691462616561,2.60723244477687,1.00195524257203,2.60214462083564,0.00926427758383986,0.0441134396989721
"AT1G01480",1400.37873683562,11.6122075728216,0.864057755039173,13.4391567057866,3.56475829557232e-41,4.81988482103663e-39
"AT1G15800",101.135902660337,2.20607097846484,0.652120303357126,3.38292024816273,0.000717194559344464,0.0051100112353293
"AT1G16150",13.3435679001687,6.29345239342158,2.4290559101308,2.59090470794585,0.00957239935922402,0.0453577260591104
"AT1G14540",322.421667210058,10.1432924985242,1.13098555559518,8.96854292112184,3.00462659681121e-19,1.46797470872776e-17
"AT1G05340",69.4193925132363,4.52973037347326,0.957778531633454,4.72941314078943,2.25169762263827e-06,2.98889725525546e-05
"AT1G02170",344.159341125736,2.08302076245947,0.410427263216099,5.07524950008672,3.86987873790012e-07,5.76909614926956e-06
"AT1G31660",351.648426192364,1.1292268263143,0.400095275120553,2.82239480577232,0.0047666456781056,0.0257319201230324
"AT1G68620",36.9139415871679,7.07525508631843,1.46084348954769,4.84326701453082,1.27721465484548e-06,1.75352190369367e-05
"AT1G29910",3654.72447010422,3.36508030703382,0.249311209858516,13.4975090327607,1.61753215788846e-41,2.29373950389354e-39
"AT1G26970",15.2254486088488,7.47314965137229,2.14083456492799,3.49076466430449,0.000481640301572933,0.00367487757656828
"AT1G74640",265.966098989557,1.23510570391063,0.39388423198849,3.13570740741591,0.00171440153622268,0.0108342723169551
"AT1G05990",152.908827272587,10.8107727479495,1.3346570609437,8.10003787812395,5.49420785802655e-16,1.95971315868505e-14
"AT1G61640",455.051355287691,3.66235083172645,0.378015909669199,9.68835104038708,3.37940511715902e-22,1.96478613511625e-20
"AT1G01490",755.208665491559,1.36939171977663,0.278638552842807,4.91458093578734,8.89725643965717e-07,1.24049517842127e-05
"AT1G05120",184.626468861479,1.49202819159479,0.469387749352798,3.17866879493986,0.00147953044502785,0.00962191275994622
"AT1G54170",332.820756884994,1.09164188523978,0.372518090400728,2.9304399259254,0.00338482433437671,0.0194076614201836
"AT1G55230",13.7130624893374,7.32283050237632,2.43069300461627,3.01265132555575,0.00258976281994814,0.0153994079644946
"AT1G47530",343.370095307099,1.99290834326205,0.428314149959407,4.65291268908796,3.27278850203348e-06,4.21906704009371e-05
"AT1G76600",571.758815952407,4.22943520376059,0.574039359473683,7.36784879635852,1.73403296030516e-13,5.01575504040506e-12
"AT1G71100",525.086787070213,2.94007758677109,0.476720535124993,6.16729796630268,6.94667826053088e-10,1.42211223263122e-08
"AT1G47890",273.856424404434,11.6503523576913,1.25875432953466,9.25546159749714,2.1330672450291e-20,1.13776632684396e-18
"AT1G26420",160.156591616244,10.8757030333462,1.32133441405624,8.23084823769929,1.85892359797288e-16,7.01804012897032e-15
"AT1G51700",458.961895783574,2.88165728720392,0.385563329503451,7.47388837759824,7.78591917154343e-14,2.357673649133e-12
"AT1G29670",141.262204369979,2.72405352442045,0.850148449368628,3.20420924891823,0.00135434005865245,0.0088872834097126
"AT1G73066",430.000999360556,5.16182604158925,0.449212138854942,11.4908427335622,1.4667402986677e-30,1.33244189007094e-28
"AT1G28290",184.530802203877,1.96230867524198,0.611809235633925,3.20738648740523,0.00133946909948508,0.00881956211144538
"AT1G04870",151.038870630181,2.10496721193608,0.749587642795217,2.80816690638955,0.00498243961903708,0.0265760586652125
"AT1G22770",513.270424536812,2.81377282031198,0.309443339886258,9.0930146415374,9.6330273867657e-20,4.91284396725051e-18
"AT1G12990",198.100295619578,1.35530726373498,0.479358126819846,2.82733761650469,0.00469368135334486,0.025408811348554
"AT1G17130",333.209892574024,1.78686983502877,0.508381957181824,3.51481756932159,0.000440056174147268,0.00340224281448433
"AT1G79690",711.561122454655,1.95288605630757,0.302867936532157,6.44797887378951,1.13351560368317e-10,2.53471527685151e-09
"AT1G19180",3788.23898379123,5.75559254953812,0.209464621199572,27.4776356817525,3.24920456992799e-166,9.44543768478068e-163
"AT1G24150",270.302394336113,3.69696690844645,0.513541735109342,7.19896097180748,6.06731128558767e-13,1.66393150067956e-11
"AT1G73080",2278.24715196214,4.11987922242882,0.215993373481343,19.0741000801337,4.14495893731667e-81,1.85375317396608e-78
"AT1G22920",279.889839193528,1.37968750045937,0.445376352061951,3.09780143034504,0.00194962013633465,0.0121414438425718
"AT1G64010",20.8261691323943,7.92935320884655,2.38477546657103,3.32498942562834,0.000884218885734014,0.00612005785911614
"AT1G21450",304.725707244737,1.35735815706379,0.427599841911775,3.17436543239846,0.00150164502586432,0.00971517883689431
"AT1G19130",266.677796308578,3.34611073088597,0.53185916707048,6.29134729277415,3.14722326600551e-10,6.70254801046008e-09
"AT1G32130",781.803640211354,1.32639981549022,0.285507511449355,4.64576153796045,3.38824209733024e-06,4.35823883935354e-05
"AT1G76070",205.944509723151,6.69138111734372,0.642052658359782,10.4218571953862,1.97066898029852e-25,1.39725237212873e-23
"AT1G69060",243.687173172699,1.28660949802193,0.49154428305555,2.6174844106091,0.00885805343880816,0.0425625807382072
"AT1G61140",710.771573663085,2.28986430818379,0.283885034739558,8.06616773682543,7.25391320930952e-16,2.55601523629852e-14
"AT1G11670",8.99667664324093,6.72740668230118,2.6321578915748,2.55585225484944,0.0105928084721237,0.0493878014891156
"AT1G52890",153.890974805751,8.47552749853006,1.0665284206484,7.94683698478224,1.91333923291215e-15,6.60387530084145e-14
"AT1G10700",223.926191805174,2.3243231800084,0.476354219152568,4.87940084616728,1.06408602438649e-06,1.4729990823293e-05
"AT1G74450",149.335770731404,1.72167379796088,0.486930870198524,3.53576637533567,0.000406594096688993,0.00319883366461408
"AT1G02470",31.5534931343334,5.50541916515372,1.93620373724032,2.84340901696669,0.00446337507155015,0.0243028740332123
"AT1G74930",79.4195391798573,3.42854459246474,0.732552501748811,4.68027149491652,2.86495269727957e-06,3.75628016946054e-05
"AT1G61610",199.699025854983,6.50726000944427,0.750312077593859,8.67273792301478,4.21852120165894e-18,1.8303344974959e-16
"AT1G66580",1320.56310726172,1.14856847433198,0.218444363333373,5.25794512069476,1.45673974485227e-07,2.25852930041895e-06
"AT1G59860",71.0019753242456,7.74047669557703,1.26759950767246,6.10640557110183,1.01899877386094e-09,2.03589651932217e-08
"AT1G26730",116.390936083065,5.23193132690706,0.765756010445722,6.83237383126999,8.35208544991546e-12,2.08407831784586e-10
"AT1G61890",475.787448916369,3.9591798812629,0.40554891417968,9.76252122206096,1.6305040951999e-22,9.87474042655441e-21
"AT1G76560",186.208809496469,1.89466416650447,0.673123087296344,2.81473656491943,0.00488172330745002,0.0261281072332049
"AT1G10340",84.7619655699513,4.47920035844956,1.04797972784428,4.2741288208536,1.91886075895474e-05,0.000213312742878831
"AT1G32870",972.298419435913,4.19580951148779,0.315218698945935,13.3107887492659,2.00355348984566e-40,2.5885911088806e-38
"AT1G71040",272.265843834403,1.6933254721905,0.581186178208456,2.91356803668368,0.00357323963587228,0.0203276078698253
"AT1G13520",63.6261018320702,9.54494535716589,1.50236048075948,6.3532990113935,2.10745493227914e-10,4.52130737131768e-09
"AT1G21310",449.650123907898,4.60681992820609,0.526194112715966,8.75498189143138,2.0413625852405e-18,9.26072272607518e-17
"AT1G17744",14.3619000917339,7.39601542679385,2.59521636755628,2.84986466610417,0.0043737835051978,0.02396717935836
"AT1G74340",153.111363363617,1.78361944831903,0.536946755588873,3.32178084652533,0.000894449166714623,0.00614695916699624
"AT1G50410",255.170987094785,1.15419906973518,0.413927947937512,2.78840574908323,0.00529681574789007,0.028021553010221
"AT1G57700",220.109967207594,2.22972401046015,0.405742044433388,5.4954226239332,3.89775819302266e-08,6.47473318120964e-07
"AT1G03905",61.4011960235136,3.10080111988941,0.900983694870091,3.44157295802839,0.000578342486178064,0.00426711067847623
"AT1G03660",60.0642668313833,4.10543983233312,1.44835993568695,2.83454390802789,0.00458911511076474,0.0248891000503602
"AT1G10585",82.7500989405818,8.94937420288598,1.40751400744239,6.35828429100182,2.04019625042979e-10,4.39322259259216e-09
"AT1G09815",211.543269648829,1.90768452329359,0.438659181664936,4.34889910671186,1.36822636516511e-05,0.000159416194129659
"AT1G66880",2061.19830838544,4.21030313017154,0.248977970834093,16.9103439796972,3.77498119260752e-64,1.04513050732477e-61
"AT1G50640",638.807788380411,1.558192158431,0.272083952320127,5.72688004986665,1.02294442413751e-08,1.83561693886898e-07
"AT1G71110",189.719699547449,3.09490799108949,0.526716858562832,5.87584760346209,4.20685210943866e-09,7.91541688164283e-08
"AT1G18150",298.002260825958,1.19161106006486,0.367118270067222,3.24585060788902,0.00117100271896761,0.00780758005513496
"AT1G48920",2288.07652742482,1.14513844994466,0.176859925101597,6.4748328333105,9.49169658468306e-11,2.13894278850183e-09
"AT1G76970",441.904766433697,2.84160257163051,0.463635561690938,6.12895732429762,8.84568465981274e-10,1.7857225906997e-08
"AT1G42980",35.982322071708,8.72516679370937,1.6743221343135,5.21116373898194,1.87659731219971e-07,2.89496140659973e-06
"AT1G36730",984.86985007592,1.46885482528332,0.254327430293371,5.77544790819052,7.67486425475817e-09,1.39008289025433e-07
"AT1G04500",13.8714967469923,7.35242280069561,2.6670551044453,2.75675698955038,0.00583777189534848,0.0303313724750278
"AT1G21130",918.449144489045,4.11247624680469,0.280077955191136,14.6833271615332,8.24437927938527e-49,1.45250973122261e-46
"AT1G60850",121.150910959194,1.49647321359101,0.538171977774202,2.78065985482968,0.00542485441135537,0.0285689343728443
"AT1G75000",78.914650633089,1.98815270228627,0.673215847267368,2.95321732302698,0.00314480481704977,0.0182656295767506
"AT1G74590",42.6891647924719,3.686620135961,1.08743285172142,3.39020485736204,0.000698404125446594,0.00498835575595393
"AT1G20350",40.347134488456,6.06923733836212,1.55011636084192,3.91534306177229,9.02757513467982e-05,0.000846553577952072
"AT1G64400",21.5663918925753,4.68890726333122,1.60582788117625,2.91993140628288,0.00350108437689433,0.0199974365469423
"AT1G12760",517.329465457165,1.26561804109887,0.30639962128448,4.13061228924885,3.61798319718507e-05,0.000376296141474669
"AT1G69960",337.393082773346,1.63201798251919,0.473717751898362,3.44512734846666,0.000570790405703058,0.00421674131989527
"AT1G64290",150.087327032696,10.7815980190347,1.32995592108889,8.10673334963412,5.19988035032196e-16,1.86617928128221e-14
"AT1G56300",324.167361363161,1.51036753612285,0.46666807370843,3.23649210480706,0.00121008573822412,0.00803132246807652
"AT1G24145",114.05063020671,3.05534978874625,0.952986643685617,3.20607828975427,0.00134557373640507,0.00883973525814586
"AT1G76470",313.540746639425,9.01233586470989,1.50156539099227,6.00196030008013,1.9494937398548e-09,3.80347537030732e-08
"AT1G11100",50.5368085268296,2.28849966115207,0.810765373744561,2.82264109354168,0.00476298588900389,0.0257319201230324
"AT1G32928",378.796248985054,3.91065299237589,0.551559515737764,7.09017409870087,1.33943388390228e-12,3.5722333032146e-11
"AT1G21326",49.0092049101573,5.24943252269117,1.32613069980943,3.95845788310724,7.54352393719272e-05,0.000724926416046917
"AT1G20300",181.210075849839,1.83158240240186,0.494700289198369,3.70240819015857,0.000213562653383111,0.00182327939320031
"AT1G68340",329.626755956117,4.67385322014988,0.531188462014613,8.79886058221894,1.38212264073936e-18,6.53305775061676e-17
"AT1G30320",469.759670916678,2.08485944227155,0.320278789287091,6.50951456046227,7.5394047767065e-11,1.71226950670983e-09
"AT1G16270",348.860254700233,1.20347133044022,0.430344179141152,2.79653214513559,0.00516542722515516,0.0274262957872622
"AT1G10580",539.181015900105,2.33696565425997,0.354739284622388,6.58784001537246,4.46271130481471e-11,1.03371328789612e-09
"AT1G17600",93.5739775659262,2.51091572253257,0.876210184167182,2.86565457455752,0.00416148053009301,0.0230427121923436
"AT1G04070",104.634046091095,2.52246640216158,0.713976294618981,3.5329834073941,0.000410898259549744,0.00322397095954415
"AT1G32910",90.5010470957692,10.0511420811451,1.42210903795567,7.0677717480749,1.57441227899453e-12,4.17974109135808e-11
"AT1G50440",381.67783063909,2.55968427068634,0.335844888755493,7.6216264007218,2.50499173422243e-14,7.83011932406948e-13
"AT1G32790",471.450782484634,1.0969003601031,0.30652069181075,3.57855240905021,0.000345502591174403,0.00278993342373331
"AT1G58420",52.5026381175858,7.56839071184878,1.35616682296027,5.58072250678447,2.39521519661433e-08,4.05999450528154e-07
"AT1G20780",308.227825537753,1.93278142489462,0.473932224094959,4.07818107026916,4.53894116486239e-05,0.000461353215603321
"AT1G02090",247.989184669851,1.48976448513873,0.380492379250211,3.91535958768589,9.02695677160537e-05,0.000846553577952072
"AT1G22360",125.810428832145,3.00374381757926,0.558748109059993,5.37584605455327,7.62238992055081e-08,1.23101597216895e-06
"AT1G14680",37.903835438159,3.79724057243185,1.28005499266323,2.96646674884761,0.00301242933192847,0.0175846025460162
"AT1G51820",16.8800192154697,5.14573486003278,1.93731603809763,2.65611534661411,0.00790465717643375,0.0387501490925682
"AT1G68390",385.55412658679,5.10595232324445,0.602979164680582,8.46787521414481,2.49909829911375e-17,1.03047925610265e-15
"AT1G54575",119.926685434072,2.36318258073953,0.652377960249803,3.62241327072828,0.000291867332915287,0.00241382172627238
"AT1G66250",112.239744306522,2.0492299672757,0.597973706631579,3.42695664466442,0.000610386516473755,0.00446388327896655
"AT1G80820",1238.50994727458,12.8633614209194,1.20573330809942,10.6684963702261,1.42920392138731e-26,1.10791887985944e-24
"AT1G20920",1884.07558385088,1.57821510000438,0.279590965654271,5.64472852801664,1.65442091451042e-08,2.87988119669568e-07
"AT1G74080",31.4626056590022,8.52538845249727,1.66089393553392,5.13301197030179,2.85141764174644e-07,4.33982779296172e-06
"AT1G70530",489.990689823287,2.88630017298606,0.314477849088051,9.1780714646707,4.38880726944413e-20,2.31968413314074e-18
"AT1G02920",793.154582719435,7.84324415058915,0.444499089802378,17.6451298338456,1.10919042094284e-69,3.39412268808509e-67
"AT1G61560",125.872968098146,6.17543355371404,0.739040236728075,8.35601804450365,6.48707914536515e-17,2.56570599667708e-15
"AT1G35910",139.160597894571,5.86613922542861,0.917300078054468,6.39500569744887,1.60541369579459e-10,3.49583341848305e-09
"AT1G76180",3016.46924173467,1.0068087621797,0.194204565488787,5.1842692762948,2.16863422122704e-07,3.3267650032227e-06
"AT1G69640",253.679541717688,1.10563437419574,0.360726767946104,3.06501893522061,0.00217656216540894,0.0133024111107937
"AT1G02120",533.851327061944,1.74567028207041,0.394019396713724,4.43041712319236,9.40509880883491e-06,0.000111140740801964
"AT1G07620",10.3695231683594,6.92619815912155,2.38235290081952,2.90729310369549,0.00364571421999091,0.0206389313291404
"AT1G10140",265.038095693841,4.570348601418,0.529717396515679,8.62789976595139,6.24888043740365e-18,2.67139638699006e-16
"AT1G69890",636.352896620536,7.91559704960653,0.516301953284207,15.3313327583893,4.72197802468098e-53,1.0167992679813e-50
"AT1G72220",20.7498280169632,4.49155206056336,1.74459469530384,2.57455331754354,0.0100369615573767,0.0472892175807035
"AT1G18890",184.808966916314,2.13138244743628,0.55182852801389,3.8623998927845,0.000112278579312399,0.00102764198780381
"AT1G33110",512.317180400404,2.88817530550822,0.353686131344032,8.1659274977307,3.18974818940411e-16,1.17374658058199e-14
"AT1G78860",104.692310638822,10.2598346105296,1.59409104431726,6.43616601893894,1.22529012160312e-10,2.7190216667941e-09
"AT1G21010",46.0386691904359,3.41008492357286,1.15336886718282,2.95662993912973,0.0031102115168307,0.0181008706294832
"AT1G05960",429.384673233162,1.61396220997417,0.312591179234162,5.16317259472363,2.42799075273124e-07,3.70507565259303e-06
"AT1G30040",80.2980223730259,3.67618120563083,0.977497793909782,3.76080767499934,0.000169365614366711,0.00148073937132039
"AT1G17690",292.148126539003,1.91750441284974,0.418590710323962,4.58085754307762,4.63073205129864e-06,5.86559393164495e-05
"AT1G21550",24.8206842447308,5.77377253994606,1.6314785353969,3.53898161371853,0.000401673828697261,0.0031730049457145
"AT1G20110",817.160272360269,1.21118402242117,0.285978774407144,4.23522348793909,2.28324508135535e-05,0.000248126858
"AT1G68160",136.402557677446,1.77418763682983,0.69042741106719,2.56969466795572,0.0101788184952147,0.0478741363301186
"AT1G74750",587.708525018116,4.11819650045127,0.349959361797729,11.7676420464829,5.73038631255452e-32,5.28832793987174e-30
"AT1G20220",453.227402612404,1.20648482137737,0.416172590568379,2.89900115653855,0.00374353513403874,0.021090032237695
"AT1G15420",566.621341857174,1.87378905095543,0.401886482260757,4.66248339684055,3.1241629880309e-06,4.05443830634189e-05
"AT1G20140",145.019879353617,1.99760885819713,0.577127010696684,3.46129850305515,0.000537576379023539,0.00401597547655728
"AT1G14370",190.659046375899,5.16353602193633,0.928771971668653,5.55953041160297,2.70501461371042e-08,4.54536270639087e-07
"AT1G49000",17.1093309950268,7.64416857268335,2.56147090895298,2.98428865460274,0.00284238486451832,0.0166588967765217
"AT1G30270",423.615563531015,2.40193682698437,0.342771540880062,7.00739863297118,2.42789796252597e-12,6.21841354807312e-11
"AT1G07000",310.845225891999,3.21549549040703,0.50287318945109,6.39424721353092,1.61340219651796e-10,3.50011954125202e-09
"AT1G25550",1385.26114069642,2.54647400098067,0.255774368121083,9.95593897733793,2.37569491606636e-23,1.48788915457428e-21
"AT1G22020",289.807792657793,1.79132991033395,0.504337627239171,3.55184664713596,0.000382537738745,0.00305085653369469
"AT1G48640",19.9157023846917,7.86043574731862,2.15780188762551,3.64279769722902,0.000269690793055836,0.00225934044787699
"AT1G21110",164.990363014159,10.9146933905057,1.3382725582983,8.1558075168069,3.4685448196041e-16,1.26830940762127e-14
"AT1G57630",458.753015659894,9.98913765876247,0.897776206390219,11.1265341937796,9.3188706390366e-29,7.85216143410997e-27
"AT1G22200",373.454324706988,1.64021548733038,0.491278911494905,3.33866455276779,0.000841821541052359,0.00586852570704846
"AT1G08050",492.071126754984,4.27982029708489,0.375045700981718,11.4114634186768,3.66510597494226e-30,3.27829632897143e-28
"AT1G61370",230.954766639917,6.09293361494213,0.600753246636582,10.1421567824301,3.5908255541951e-24,2.37239315591935e-22
"AT1G62300",686.567022915456,7.54479354848207,0.469542736542716,16.0683851783866,4.25014442711151e-58,1.02959748746776e-55
"AT1G54150",144.571048515309,1.54826196242288,0.548813987409409,2.82110514298516,0.00478585140919595,0.0257870291039173
"AT1G20850",2540.26334211484,1.15230885085316,0.293578847306083,3.92504044970166,8.67151655321449e-05,0.000817118269698363
"AT1G80120",125.761979932508,4.31055045472163,0.754797191550038,5.710872407818,1.12398492705622e-08,1.99842457672931e-07
"AT1G02400",200.800344853375,5.6751800856105,1.63223068298886,3.47694731189491,0.000507157469322454,0.00383434788899967
"AT1G29920",2036.06812719244,4.56764432429865,0.258110462912338,17.6964710099721,4.46419410553524e-70,1.44193469608788e-67
"AT1G76480",36.2408900398584,8.73440951768804,1.63221071415243,5.35127569127839,8.73363471674286e-08,1.38735935090555e-06
"AT1G20450",859.798230388986,1.22372426730224,0.254105657587535,4.81580882110303,1.46604835874215e-06,1.99149653217917e-05
"AT1G34370",686.266859486551,2.53334839413434,0.287715558893013,8.80504482928004,1.30800291302089e-18,6.23338437401923e-17
"AT1G72930",594.235302634197,1.53588365223536,0.443633534736116,3.46205489886814,0.000536067795842716,0.00401119454958758
"AT1G58410",63.699684595203,5.4879648127611,0.974376916610242,5.63228122424448,1.77841372507156e-08,3.07729089213275e-07
"AT1G14640",382.629954565872,3.66976116479611,0.461812431880848,7.94643216911697,1.91959911565567e-15,6.60387530084145e-14
"AT1G10630",260.201339741999,1.2287475960189,0.441855685101961,2.7808799059253,0.00542117876914199,0.0285689343728443
"AT1G76360",115.762387854364,3.22896834303195,0.602376667824015,5.36038083064547,8.30466948931856e-08,1.32646561568401e-06
"AT1G66340",244.991697644181,1.78654932674654,0.474729654097175,3.7632983558698,0.000167686944060386,0.001468270922842
"AT1G71880",1358.96760640327,1.19893285457218,0.311676361636874,3.84672372417201,0.000119707823144181,0.00108577423363537
"AT1G16540",155.337858544374,1.99265949314141,0.586744526049512,3.39612796485342,0.000683463988090089,0.00489687040383387
"AT1G22160",71.5628088031215,1.83563265015645,0.675372027655745,2.71795776992428,0.00656862212706706,0.0332375709719477
"AT1G51950",599.272797625954,2.35104190595753,0.295702708666676,7.95069452207045,1.85468767913753e-15,6.45697854281773e-14
"AT1G23710",553.389284692217,4.5367812619498,0.319707472353826,14.1904135944901,1.05037407374071e-45,1.56586534993038e-43
"AT1G06620",347.068357910089,7.00743777907034,0.684893667209243,10.2314244014312,1.43394552794838e-24,9.69413872033941e-23
"AT1G51660",519.178765637628,2.97362012241444,0.315810884007894,9.41582533406327,4.69380121433994e-21,2.59902478668309e-19
"AT1G14060",340.032760123324,2.69585570742743,0.401259976394155,6.71847646419464,1.83634395861818e-11,4.48592595605299e-10
"AT1G27770",772.151316302433,3.14624169595159,0.293256779779439,10.7286238985435,7.47002773247542e-27,5.86901908602866e-25
"AT1G53990",30.4009825066211,8.47242912356694,2.01438613539234,4.20596080101434,2.5997529494593e-05,0.000279389346546328
"AT1G05680",2899.36563653045,7.08873753836203,0.242584912912923,29.2216752197882,1.02879817048659e-187,5.98143256320904e-184
"AT1G03220",575.374084998879,3.83958650257683,0.412477357139782,9.30859945671069,1.29529010485455e-20,6.97297839780032e-19
"AT1G70140",193.450226219102,5.57103467006564,0.72281154460573,7.70745114911586,1.28355413196714e-14,4.07791460287264e-13
"AT1G30755",491.674237906264,4.73578405705697,0.463782299089007,10.2112220892417,1.76626025802275e-24,1.18034909656831e-22
"AT1G60640",343.575321490326,1.81608311036154,0.455505071061925,3.98696573482196,6.69236864016215e-05,0.000652842806609106
"AT1G28180",16.6970903531381,7.60824111328214,2.59034522945087,2.93715332874569,0.00331240286196561,0.0191005927837559
"AT1G09770",1000.13613033208,1.02702221212953,0.212388660054792,4.83557931889858,1.32758422379773e-06,1.81187198994366e-05
"AT1G59910",497.635985585845,2.33297737227834,0.473874212330739,4.92319968373811,8.51404956931449e-07,1.19566870038634e-05
"AT1G13990",298.269137049654,2.56568821321409,0.603565480594609,4.25088626786024,2.12926276700573e-05,0.000233583481309235
"AT1G06590",120.180115432825,1.3366550560318,0.509136218387846,2.62533877527757,0.00865627928213547,0.0417656495820213
"AT1G18210",527.782969514372,2.28927042096274,0.300628706984875,7.61494284402425,2.6380818020771e-14,8.15840829642353e-13
"AT1G25390",292.982876172142,1.78969607746436,0.383171806667743,4.67074050418394,3.00115872589001e-06,3.92106445670214e-05
"AT1G15430",335.888758570396,2.71388590718512,0.503618313846991,5.38877525412956,7.09394504859591e-08,1.14886341260548e-06
"AT1G21380",533.742108526082,1.61580018119949,0.370488928565626,4.36126441741506,1.29312978476823e-05,0.000150969007402459
"AT1G03370",499.83392039292,2.11014633914299,0.381071723381774,5.53739941766541,3.06995892218302e-08,5.14372944483345e-07
"AT1G48980",17.4440660543839,7.67812315712772,1.95297542922942,3.93150013165156,8.44174500478996e-05,0.000798053747282095
"AT1G04090",40.0799758563732,6.7806940192291,1.46202298958874,4.63788467590135,3.51993083002527e-06,4.51763307853574e-05
"AT1G78410",131.233136573966,10.5899914692428,1.33306456852437,7.94409492179761,1.95613762143953e-15,6.68999066532319e-14
"AT1G65690",14.3245939763285,7.39686783138094,2.58639728431511,2.85991169115369,0.00423758991654011,0.023375948726767
"AT1G32350",1001.55060134087,12.558393654579,1.20582052191685,10.4148116791173,2.12217170229104e-25,1.46884598537144e-23
"AT1G66700",67.9250601049209,6.36840221347921,1.03435075155816,6.15690780316614,7.41790029766561e-10,1.50270635298355e-08
"AT1G35230",258.846833542087,10.6068552822436,1.2858042346821,8.24919921411364,1.59459423547492e-16,6.05945809480469e-15
"AT1G13470",110.077967874518,9.37333141957585,1.32647011648171,7.06637209772762,1.59036618085547e-12,4.18388641425055e-11
"AT1G07360",398.919361794519,1.65929442869938,0.412290028851091,4.02458054424273,5.70769571649185e-05,0.000568228474241158
"AT1G80750",309.630276030976,1.41304026808668,0.435600181605336,3.24389274329305,0.00117908136057304,0.0078434542681598
"AT1G59950",12.4886701074879,7.18686176380475,2.27851665352762,3.15418443515784,0.00160947334910581,0.0102829429139573
"AT1G61870",345.02898898593,1.627316741994,0.47629620213637,3.41660658786458,0.000634068368467611,0.00460809186783836
"AT1G30960",121.652112503738,3.06030572872185,0.687187148838387,4.45338032571615,8.45288309783836e-06,0.000102172686758487
"AT1G13340",136.555777597609,4.15039713594813,0.733867073483912,5.655516218005,1.55378556459622e-08,2.72099676884411e-07
"AT1G76550",842.343241496812,2.3047308236217,0.311373717398317,7.40181555103262,1.34335010968954e-13,3.94456441299746e-12
"AT1G72520",2237.81019457486,9.525354789609,0.388245395109967,24.5343664331448,6.35173857541419e-133,7.38580161549162e-130
"AT1G14480",268.98159673906,4.80612216925003,0.65852184566791,7.29834887159345,2.91320473954471e-13,8.26407400764104e-12
"AT1G13480",130.461846519414,10.5793057687565,1.33837112582334,7.90461297664976,2.68767323795338e-15,8.9805357502649e-14
"AT1G17180",314.679228223218,9.47322263673079,0.93736156434865,10.1062631507763,5.18233694762656e-24,3.38540528241582e-22
"AT1G61800",320.553449583134,10.1264128994462,1.10581885732546,9.15738851111473,5.31683684037821e-20,2.76000798124633e-18
"AT1G69710",23.1285889722917,5.27417926435201,1.7740407984398,2.97297518128695,0.00294928298140978,0.0172332977426296
"AT1G63780",203.401334059204,1.73091123882987,0.529658904089979,3.2679734551122,0.00108320524505806,0.00728064195926886
"AT1G19770",2136.16095960705,3.12271978172757,0.262343015596805,11.9031938953041,1.13902764317455e-32,1.16180819603804e-30
"AT1G30900",168.042578568018,1.50745535644975,0.516937612973869,2.9161262763945,0.0035440702886118,0.0202012006450872
"AT1G05730",47.7131113154574,4.23523461521248,1.39583529445117,3.03419367030531,0.00241179547869988,0.0144409669548518
"AT1G27730",910.238327693486,6.82254942261329,0.345412358099265,19.7518972979322,7.72600393168861e-87,4.08354425989432e-84
"AT1G20510",1816.07361208419,4.34137545055351,0.321846725040334,13.4889533208997,1.81661180313039e-41,2.51470976747621e-39
"AT1G26380",360.500090927988,12.0468397640309,1.24091701234739,9.70801402846623,2.78714545603077e-22,1.67056326611989e-20
"AT1G15780",879.440716439567,1.65428999444285,0.26688712296782,6.19846314069755,5.70171544008216e-10,1.19243789815244e-08
"AT1G77840",660.152063460797,2.206612040291,0.320712135170146,6.88035093876424,5.97052911414922e-12,1.50271239262613e-10
"AT1G20100",305.594122514521,1.07660412993955,0.4026154818657,2.67402566078836,0.00749467165205737,0.0370842731787758
"AT1G54260",229.657339895798,2.42448765028145,0.586778620787437,4.13186091720225,3.59838137498426e-05,0.000374928123909651
"AT1G68200",18.6429187896342,7.76569976656349,2.01847534869813,3.84730968925243,0.000119421976473382,0.00108487401752538
"AT1G68840",640.913985406233,2.17329677255999,0.293881717687169,7.39514111208991,1.41258181563012e-13,4.10637533803677e-12
"AT1G28375",25.6238849869572,8.23083332663576,1.75213528803186,4.69760148252096,2.63234403229411e-06,3.47828368267226e-05
"AT1G77380",76.152619676266,3.86202988792677,0.943056056038042,4.09522834109342,4.21752502497577e-05,0.000433227747265179
"AT1G66090",260.816677114324,6.2779518966881,2.09536142097102,2.99611887183588,0.00273439817194129,0.0161871216565099
"AT1G17745",765.759660276656,3.14992184479971,0.295916157339851,10.6446429729152,1.8469092515347e-26,1.41288557742405e-24
"AT1G76520",229.483239893932,1.30925745477939,0.44618277666291,2.93435229519971,0.0033424459495203,0.0192094511803722
"AT1G30730",37.2021242683198,4.86487614448956,1.27157009558388,3.82588121676115,0.00013030511412107,0.00117456949641481
"AT1G72120",63.1573513815981,7.77231551543697,1.47201780646433,5.28004177755528,1.2915443433307e-07,2.01855882046362e-06
"AT1G09560",369.184225230462,2.26206462620176,0.410372742593844,5.51221948101115,3.54336663086399e-08,5.9198659746676e-07
"AT1G08940",318.177022560249,3.8323932806367,0.508331195375709,7.5391660309263,4.72986462518333e-14,1.4473385753061e-12
"AT1G73730",344.810856823479,1.90616916762659,0.372638022183271,5.11533728216574,3.13180828830001e-07,4.72943724368215e-06
"AT1G02405",20.4561084020529,7.9007374182968,2.07458787846789,3.80834068312961,0.000139902437950282,0.00124182102937854
"AT1G49450",29.4666517498071,4.34896926633705,1.41866742433965,3.06553121029149,0.00217283698667883,0.0132977623584744
"AT1G34260",315.574375687378,1.28409845842239,0.394909221524508,3.25162945920902,0.00114745506379811,0.00767698934513486
"AT1G63440",276.303586292594,2.85824178032998,0.5005905513751,5.70973977131314,1.13149046670519e-08,2.00563584555609e-07
"AT1G65520",85.8020923193141,2.21623773716014,0.644798244341809,3.43710262335222,0.000587972782552146,0.0043271819718458
"AT1G53390",267.961693695415,1.55057403628531,0.492723755616533,3.14694393889152,0.00164986591779936,0.0105063750778592
"AT1G43160",406.871229164971,12.2204837608415,1.22747892040089,9.95575855335287,2.38000845158941e-23,1.48788915457428e-21
"AT1G18570",910.872631961393,2.21443372110783,0.307199243552168,7.20846085264457,5.65878346123015e-13,1.55924962291906e-11
"AT1G27100",739.553561413398,1.7469286617863,0.320685995021586,5.44747413016495,5.10901431654964e-08,8.41467683751263e-07
"AT1G77500",170.073169567096,1.86607020967131,0.479666345100899,3.89035050870366,0.000100099528482234,0.000929678368363748
"AT1G50400",31.8138013375072,3.71647834218406,1.38530968823067,2.68277799091319,0.00730134419374184,0.0362820642242864
"AT1G22280",784.487691022397,2.47240614715164,0.311558292703288,7.93561335087372,2.0945759334482e-15,7.1215581737239e-14
"AT1G59590",306.906683998053,8.225766415091,0.762421443795633,10.7890019123018,3.87980156903159e-27,3.09002278388352e-25
"AT1G15010",49.3180038442992,3.85350196330019,1.15324579115986,3.3414403007919,0.000833449377424769,0.00582412822157165
"AT1G05675",2140.30387190604,10.6705203870985,0.529005904867941,20.1708908897005,1.76431754969438e-90,1.02577422339231e-87
"AT1G17170",641.942900561073,5.02839394376007,0.348560575205604,14.426169513847,3.54214352742553e-47,5.72056179679223e-45
"AT1G08510",791.38263588354,1.17599383070129,0.274169886570851,4.28928882529696,1.79246151027347e-05,0.000201573911426111
"AT1G32530",451.619651273592,1.15233449993245,0.376037055027789,3.06441741452127,0.00218094379617397,0.0133053591090823
"AT1G55240",18.9421280042386,7.80049309395492,1.95141651493795,3.99734912267202,6.40557929631147e-05,0.000629088480215455
"AT1G67970",371.762645420105,3.32171850756029,0.444725726463316,7.46913953905092,8.0720906254485e-14,2.43166502053666e-12
"AT1G06230",796.770068755952,1.01039737945902,0.272419787681661,3.70897205396743,0.000208102392512589,0.00178980371311863
"AT1G60030",131.860269930187,3.18380562267065,0.927644433835506,3.43214005985748,0.000598838205774197,0.00440157437215067
"AT1G03770",96.5838294704529,2.59988407981975,0.627032564999978,4.14633023058354,3.37846467532291e-05,0.000354555841558256
"AT1G62740",367.636825788534,1.08336628715834,0.307876450535072,3.51883453663152,0.000433446951506537,0.00336906494125536
"AT1G77890",250.415499116826,2.58730662941541,0.578243668330354,4.4744227582917,7.66180170407746e-06,9.34467882887106e-05
"AT1G79680",1034.10911160177,9.23307606135259,1.37189153335051,6.73017934501209,1.69454090745064e-11,4.17460204911781e-10
"AT1G51890",339.205018414911,11.955614877002,1.25441469817109,9.53083130677042,1.56028719187912e-21,8.98169280552988e-20
"AT1G35580",940.219285696166,1.13705423284481,0.327366461456162,3.47333757950362,0.000514028375979485,0.00387621397917604
"AT1G65790",39.5225672749349,6.44923277065466,1.57797434330041,4.08703271890074,4.36925520037821e-05,0.000448022041181639
"AT1G08410",309.525128954304,1.72182114400266,0.344463799089285,4.99855470605305,5.77616201009642e-07,8.33315283540957e-06
"AT1G64280",367.80420726081,2.04072277152053,0.402669905841663,5.06797935955755,4.02060990502586e-07,5.97847211964714e-06
"AT1G72240",53.3023607488657,5.14798246199901,1.39928939895209,3.67899768686468,0.000234152391560844,0.00198738978764197
"AT1G66600",82.5466217963805,8.94764908396188,1.44717336375019,6.18284533704728,6.29563889428791e-10,1.30259233207793e-08
"AT1G24095",175.769460942908,3.82561307366159,0.536093084524203,7.13609853232283,9.6017194209303e-13,2.58446281080041e-11
"AT1G04780",623.548296593118,1.03767545267596,0.302604324511704,3.42914944903843,0.000605476027642714,0.00443913950153183
"AT1G68330",83.746127002504,3.57068265484326,0.880727253193778,4.05424340156944,5.02968255978993e-05,0.000509452515725064
"AT1G78570",530.925775158672,2.41372569953566,0.334710806666599,7.21137666146508,5.53890050226424e-13,1.53348416762687e-11
"AT1G68050",263.70584595165,1.92897345721632,0.410966431652202,4.69374943705571,2.68242557365709e-06,3.53642228690302e-05
"AT1G65845",127.955568341997,5.61503001580417,1.00071113093865,5.61103983178182,2.01114462544031e-08,3.44920202133038e-07
"AT1G28470",89.6860566873754,1.93514686929592,0.734232454532477,2.63560519199348,0.00839873889561621,0.0405904139144744
"AT1G27390",456.987574398107,1.65925723635003,0.332001949379942,4.99773341526733,5.80081023533138e-07,8.34799770005362e-06
"AT1G72700",357.393488369831,2.08256520822048,0.414858131882772,5.01994549020666,5.16861443463252e-07,7.55033274446068e-06
"AT1G73480",52.4555564906834,2.70004433292022,0.855132245795601,3.15745821327103,0.00159151044916816,0.0101905746161494
"AT1G15530",409.991293013457,2.55886892212543,0.381446492048887,6.70832993739388,1.96864420037281e-11,4.78899472007009e-10
"AT1G66480",414.869730271604,2.53060584123002,0.414179952356716,6.10991871245983,9.96818986551672e-10,1.99845020269359e-08
"AT1G17420",838.690914329389,4.9138898544802,0.300718854792866,16.3404780783196,5.08526040890361e-60,1.28546539205937e-57
"AT1G03530",297.779806377685,1.48317648918883,0.421860873852524,3.51579532760207,0.00043843883569254,0.00339425218470896
"AT1G11560",13.7479635621024,7.32895376960295,2.12658905301378,3.44634228188866,0.000568230143528006,0.00420316800823388
"AT1G29395",112.33030115118,2.93936738013805,0.6468961601667,4.54380093921195,5.52488346466875e-06,6.90788655130842e-05
"AT1G21120",419.595278392954,7.2336433936785,1.44394206344661,5.00964933205991,5.45293013840586e-07,7.90606878421238e-06
"AT1G11572",26.5666718416979,8.28347260697731,1.72345080267295,4.80632959996898,1.53726388065479e-06,2.07852376793651e-05
"AT1G11040",31.0493601448593,7.52695663093263,2.09957756124993,3.58498622287221,0.00033709599964666,0.0027334395285156
"AT1G61410",28.897262260853,8.40864627831314,1.74034214676284,4.83160526448999,1.35436578231334e-06,1.84409429938402e-05
"AT1G76650",295.787442975702,5.48716616896476,0.745959130399177,7.35585361898912,1.89710822476813e-13,5.46029070237719e-12
"AT1G10040",127.253654494559,3.88492628436964,0.725636966970061,5.35381528395855,8.61187751292628e-08,1.3717659139768e-06
"AT1G70980",284.405608007802,1.25635150197811,0.427183738288021,2.94100966252381,0.00327144328822417,0.0189255435599356
"AT1G19250",404.998675580427,12.2126345203011,1.24824129395911,9.78387318173526,1.32058007213135e-22,8.08195004144389e-21
"AT1G27130",952.79682276737,2.55457948119642,0.233384420004477,10.945801271342,6.95995811350679e-28,5.69932344675049e-26
"AT1G50600",845.755510369351,1.01247644831221,0.256426357752733,3.94841020706819,7.8671914015437e-05,0.000751796737660225
"AT1G29690",511.596448271543,2.85107902362953,0.413598610019639,6.89334769160408,5.44944612831327e-12,1.38354060218399e-10
"AT1G15415",207.608528692336,11.2482222817716,1.26633655262832,8.88249040780314,6.53798864141851e-19,3.16765549676727e-17
"AT1G72920",153.626281285039,3.41492366075672,0.83252013395387,4.10191119887792,4.09751537706329e-05,0.000423143062206855
"AT1G52565",47.4395600993163,4.33381576175307,1.28926473871842,3.36146303517232,0.000775307333626951,0.00550383008267044
"AT1G14000",800.027224616301,1.42942514066197,0.308407841792059,4.63485342122315,3.57190488722307e-06,4.57424119258038e-05
"AT1G79150",348.530302749404,1.5112303569959,0.378506111323843,3.99261811575593,6.53477638574697e-05,0.000638541006835847
"AT1G27350",261.313346252133,1.24794572423995,0.442641388757137,2.81931549090782,0.00481261902976002,0.0258123312168125
"AT1G06830",607.547275195533,1.34315041735896,0.29302364923155,4.58376114310689,4.56685896239196e-06,5.79731834221547e-05
"AT1G64370",5138.40184137066,1.27347584708782,0.217667949634209,5.85054368007736,4.89968764216926e-09,9.13037947165771e-08
"AT1G32230",3629.55287170654,2.36249664006874,0.172456648595547,13.6990754448057,1.02825246115154e-42,1.49456495228376e-40
"AT1G28370",149.378493931823,6.81496854663894,0.824593994643864,8.26463519126437,1.40122585466381e-16,5.35968889408906e-15
"AT1G15520",1670.42361645407,7.43427972150303,1.07903066283621,6.88977614589948,5.58802506551358e-12,1.41255555351722e-10
"AT1G73805",314.651775356186,3.92340567359705,0.59952034564291,6.54424107890733,5.97982680003632e-11,1.37417838005578e-09
"AT1G48370",140.660987692862,1.49620798381681,0.508553868370095,2.94208357634192,0.00326011927215874,0.0188788181756284
"AT1G32940",296.920751011042,3.38248532644384,0.502508124819277,6.73120524700037,1.68263411018883e-11,4.16290839005866e-10
"AT1G53430",728.268405271779,2.0327319342762,0.265988240451833,7.64218722911661,2.13562315730749e-14,6.73990789674145e-13
"AT1G35350",177.263002446021,2.77440634524048,0.679699418307124,4.08181362307251,4.46856256813765e-05,0.000454995144853806
"AT1G69260",38.5176574357536,5.09006808402714,1.12111808543231,4.54017123634605,5.6208559903746e-06,6.99778516660341e-05
"AT1G30370",129.043899968785,7.31678097216689,0.894508228637202,8.17966871396379,2.84625300927905e-16,1.0540200634362e-14
"AT1G75020",192.997142892957,1.99093952475799,0.55248336452091,3.60361895508736,0.000313817024125015,0.00257702285065373
"AT1G63720",308.584151692431,5.37217626957363,0.69372898100512,7.74391212803315,9.64036461177742e-15,3.07961977213593e-13
"AT1G55450",1218.51133006586,5.03432821352026,0.32026124698743,15.7194423642453,1.11298939774067e-55,2.58836814338571e-53
"AT1G48300",489.601937336531,2.56065580444549,0.362358866283329,7.06662936306714,1.58742189487962e-12,4.18388641425055e-11
"AT1G48630",504.35898657011,1.06495939337094,0.307260116501549,3.465986427059,0.000528289948283328,0.00396319710879906
"AT1G53440",778.196147038306,1.92847139433923,0.295387210599753,6.52862183986799,6.63776044233464e-11,1.51936768550132e-09
"AT1G77885",399.496915817295,1.87949811476016,0.42006654997536,4.47428655023926,7.66668696486326e-06,9.34467882887106e-05
"AT1G17750",1024.73331317329,6.96298726189427,0.355093700840471,19.6088729408986,1.29878128340382e-85,6.29259531809149e-83
"AT1G34750",176.840643448793,3.59161600709235,0.643729014225679,5.5793912154365,2.41361838147214e-08,4.07929571798809e-07
"AT1G49032",295.239751570469,1.49498587367672,0.403581063673764,3.70430133680701,0.000211974156979021,0.00181877550914074
"AT1G57650",49.258037954234,9.170908354802,1.53573401234498,5.97167756986675,2.34826281743751e-09,4.49105263834923e-08
"AT1G33960",15.4374612476535,7.4964971775515,2.64053093901715,2.8390113013945,0.00452535541286363,0.0246121762117766
"AT1G69920",280.968870169899,10.7192089556504,1.25567956930685,8.53657988683174,1.38253104996073e-17,5.82466342353022e-16
"AT1G75880",19.1280220583184,7.27412965235546,2.79512208082402,2.60243718950945,0.00925637690162762,0.0441119469721828
"AT1G03400",114.943418565347,1.76374850708152,0.613995891672374,2.87257379243614,0.0040714298167386,0.0226953911356838
"AT1G07160",20.8729744548664,6.97440120293584,1.76648645862748,3.94817699783264,7.87485746878357e-05,0.000751796737660225
"AT1G65481",15.9664364470787,7.55518564117418,2.07594318886823,3.63939903639325,0.000273275055250958,0.00227951387550799
"AT1G72440",589.788056889531,1.02558021606137,0.353115904511157,2.90437276531385,0.00367989739429416,0.0207919567059536
"AT1G61380",200.813527893937,3.04318293583102,0.835630786177786,3.64177934342353,0.000270760108884028,0.0022650349252543
"AT1G08800",188.111837206192,2.22477791199279,0.515859439045127,4.31275991791665,1.61229166809036e-05,0.000184888831524209
"AT1G21000",211.478552868876,1.19622152644101,0.444890623007729,2.68879914427918,0.00717095522799374,0.0358486102283367
"AT1G73490",373.350922574281,1.0966589838088,0.354027021959056,3.0976702787835,0.00195048306655694,0.0121414438425718
"AT1G06870",228.22984974526,1.66699976568146,0.582850494109192,2.86008124301112,0.00423532491014213,0.023375948726767
"AT1G51330",29.9727910684392,8.45468651336415,1.71073783673872,4.94212867208328,7.72741865139416e-07,1.09046631163121e-05
"AT1G80280",237.434002168705,1.20679897670577,0.454987533858508,2.65237811346511,0.00799269795766463,0.0390793832100918
"AT1G74870",121.760527011037,7.50968666832239,0.949523654915293,7.90889898260863,2.59675211462628e-15,8.77762604327745e-14
"AT1G31130",1466.81622193722,3.62219976232221,0.368282586088026,9.83538157695145,7.92665447952289e-23,4.90272012169639e-21
"AT1G73500",397.184321099981,2.40405566457347,0.404966239987131,5.9364347621912,2.9128674389759e-09,5.53444813405421e-08
"AT1G17290",1663.00652511977,2.50852573461583,0.237881873024298,10.5452580422536,5.34259942328399e-26,3.93188266417381e-24
"AT1G64050",275.72775202739,1.04252889640635,0.381192900312861,2.7349116301765,0.00623970249615114,0.0318224827303708
"AT1G72900",582.961547333739,3.55518809524864,0.387761022871224,9.16850298393536,4.79633251197426e-20,2.51224119140706e-18
"AT1G19020",1356.54131217267,6.80821170402605,0.315370446484284,21.5879825770717,2.32962243761365e-103,2.25740414204762e-100
"AT1G61250",694.947761898577,1.80217070865248,0.286887316720921,6.28180684057776,3.34660493860362e-10,7.10115369089103e-09
"AT1G07135",1396.95539368296,4.01289212774602,0.280459995295966,14.3082514264156,1.94338397990877e-46,3.05373904302421e-44
"AT1G79450",35.4727118938395,6.19850289535567,1.74682045056478,3.54844877923863,0.000387507358164069,0.00307362589408717
"AT1G11610",36.1461911866316,8.7266006959793,1.62498510605519,5.37026503409865,7.86210097461955e-08,1.26621205170189e-06
"AT1G23550",323.959675152289,4.86144535166247,0.58542317020218,8.30415603465701,1.00531456346456e-16,3.8707939549556e-15
"AT1G80450",198.436044524257,5.45317238077135,0.883661997173527,6.17110659756085,6.78136810285955e-10,1.39317576501857e-08
"AT1G08860",22.8567784792383,4.59330951548112,1.65007199985108,2.78370247837408,0.00537423067036764,0.0283794524228133
"AT1G74440",103.650190884803,2.91225122523149,0.734880278956969,3.96289206367724,7.40472646216991e-05,0.000713948252919666
"AT1G64065",125.172105881193,3.87454388060733,0.932872009608439,4.15334991370748,3.27643138022544e-05,0.000344469657226595
"AT1G06135",20.5059523326948,7.91520825340169,2.47155885965713,3.20251659088537,0.00136232452643711,0.00892959954532732
"AT1G67800",251.136421109172,4.44336217268278,0.512399199386964,8.67168055297281,4.25788796841495e-18,1.83373041839737e-16
"AT1G72540",162.359790149397,4.45609434332708,0.766457987797309,5.81387944841342,6.10413806835415e-09,1.11954128483946e-07
"AT1G65390",41.4691154243307,3.26343650163804,1.16410726198159,2.80338127612303,0.00505698470269611,0.0269434409574421
"AT1G15900",14.3975462463633,7.40634193373538,2.71337879527374,2.72956431539747,0.00634180772974915,0.0322459906022177
"AT1G72910",190.738273244475,1.97477466609801,0.474196505883966,4.16446481910862,3.12083742034938e-05,0.000330501798941918
"AT1G74740",212.314263824372,1.49162156871441,0.544769110639196,2.73808029784259,0.00617989848318341,0.0316006418480461
"AT1G20980",1203.07613398598,1.48800693230535,0.200937571746088,7.40531956953102,1.30835016333955e-13,3.86129332469854e-12
"AT1G02460",132.715237563836,4.57092732226696,0.821255770052625,5.56577803036205,2.60985291935083e-08,4.39816952843644e-07
"AT1G19300",617.492425422906,1.22944623217601,0.292037465511546,4.20989214525081,2.55492626122087e-05,0.000275080394124781
"AT1G20310",90.2984939139366,10.0475231506078,1.42391242367983,7.05627887187186,1.71020442292171e-12,4.47888671840847e-11
"AT1G13830",32.0734386357031,4.15127393519587,1.29064470753752,3.21643432228243,0.00129794238392752,0.00857526934108478
"AT1G54115",295.750171592396,1.77214725863207,0.479750484281059,3.69389363157758,0.000220846212340808,0.0018826977691341
"AT1G52780",476.52637597912,1.64049932911333,0.281419582938968,5.82937161650584,5.56364810180129e-09,1.0236408248061e-07
"AT1G32340",194.875970291811,1.30764943564572,0.475432763956389,2.75044030361709,0.00595152345958464,0.0307848375391682
"AT1G75945",63.930633691718,9.5501495140021,1.42935034314453,6.68146165830279,2.36570678171407e-11,5.66017252217515e-10
"AT1G70750",450.89194507332,1.64752671911926,0.382737364731979,4.30458813519026,1.67296681297106e-05,0.0001907182166787
"AT1G08580",309.553649821274,1.53938796652663,0.531220763684841,2.89783094291832,0.00375753073220513,0.0211483869090422
"AT1G66550",17.7333831161457,7.70528547652382,2.04222549758947,3.77298466090974,0.000161306208722582,0.00142096105683802
"AT1G21100",28.0980038282951,6.16260111283492,1.85664573785469,3.31921216158105,0.000902718155603432,0.00618915490174334
"AT1G06537",325.797710618835,2.73286265384179,0.411245406683284,6.64533295552763,3.02532396447672e-11,7.15009493067791e-10
"AT1G07323",133.768518956552,1.98911450615829,0.553303775391249,3.5949772884737,0.000324419876951876,0.00264540976801992
"AT1G06983",9.94994807447866,6.86663226898211,2.33803464110971,2.93692494894899,0.00331484315769,0.0191005927837559
"AT1G08173",22.8138003977768,8.05718983014644,2.14478948873867,3.75663433285697,0.000172213847498831,0.00150338034438169
"AT1G60545",115.193652515861,1.54443027324271,0.570161395843407,2.70875980819102,0.00675352123312687,0.0341137901384879
"AT1G08857",20.8682146012027,6.07365314883753,2.16029510177792,2.81149234835505,0.00493122636209233,0.0263270432224103
"AT1G09537",16.8268681738281,7.62090314800065,2.58461549901511,2.94856358746771,0.00319254454323816,0.0185244051640586
"AT1G05933",59.7019359338521,5.30612564579451,1.25043793361466,4.24341384978302,2.20144908980225e-05,0.000239685861575098
"AT1G08115",410.378892400117,1.43686175851347,0.415800051156551,3.45565555972595,0.000548956323813264,0.00408137092922035
"AT1G06877",12.0137464310679,7.14592705412697,2.2918310997775,3.1179989898997,0.00182083427616167,0.0114323223343455
"AT1G61275",427.325526947329,1.1359924754453,0.375960543298835,3.02157366163382,0.00251464448205651,0.0149950184806939
"AT1G22403",64.270267072207,3.04443339306575,1.03755404630829,2.93424077897254,0.00334364716108302,0.0192094511803722
"AT1G49952",19.5595088774543,21.2456547505812,2.98571098575069,7.11577739840733,1.112837798241e-12,2.98158477372037e-11
"AT5G15730",372.438247757447,1.11049284288562,0.426599822583246,2.6031254212932,0.00923781522283169,0.0440596043523736
"AT5G56950",468.735825440946,1.63781439024933,0.408100254281953,4.01326481192972,5.98846666301376e-05,0.000593133648701227
"AT5G52750",686.130988258884,5.21064959206587,0.536874806719173,9.70552077849957,2.85613984574773e-22,1.6866553738346e-20
"AT5G61770",266.174845642158,2.20468429148621,0.483153040161813,4.56311791135131,5.03994901551319e-06,6.32878262984744e-05
"AT5G43420",156.184316439636,4.91481145153025,0.630303325327008,7.79753374929506,6.31287573883387e-15,2.07361918336611e-13
"AT5G44870",317.859056542861,1.859181067283,0.35780743510442,5.19603810563753,2.03580546280791e-07,3.13126268803312e-06
"AT5G26030",1123.08114815892,3.05680078675715,0.290294844288421,10.5299864840868,6.28435034836958e-26,4.56715161567759e-24
"AT5G02810",386.291412795143,2.97976210742489,0.443136001261889,6.72426094684165,1.76485903646414e-11,4.32948963628799e-10
"AT5G26920",316.544712796174,11.8567942181246,1.25945945668692,9.4141928548574,4.76731015586574e-21,2.61482464586825e-19
"AT5G45190",336.352851979296,1.49905508209495,0.561690904734337,2.66882562893547,0.00761169554221334,0.0375012084266395
"AT5G41120",41.5569829344588,2.53388460916869,0.886004594505917,2.85990007826282,0.00423774509081741,0.023375948726767
"AT5G08240",60.0295791442134,5.83260383799507,1.20045901770382,4.85864469505288,1.18192016517088e-06,1.62836109959799e-05
"AT5G45110",1038.50913917511,2.88152689480319,0.338970221095711,8.50082607695963,1.88246234474189e-17,7.87383890095636e-16
"AT5G24530",168.269230826237,4.97933794697987,0.728729947975676,6.83289874501778,8.3215694954233e-12,2.08407831784586e-10
"AT5G02320",70.4119505742287,2.34773070860465,0.883002611095089,2.6588038122481,0.00784186122031235,0.0384747520125705
"AT5G66400",87.8076838685124,10.0061277495836,1.3708896427389,7.29900309815779,2.89907645670433e-13,8.26407400764104e-12
"AT5G57870",1056.75460463505,1.19640396750844,0.238160612264851,5.02351734877953,5.07336395815083e-07,7.42985845155893e-06
"AT5G55970",122.913646571708,1.96189582489349,0.702366420902417,2.79326540464848,0.00521788612846467,0.0276795528749029
"AT5G49070",21.7173732176313,7.98772930257202,2.46840234705989,3.23599161704177,0.00121220944110819,0.00803624366089286
"AT5G36925",159.510192390627,10.8673574285146,1.29419918502928,8.39697440256753,4.58129867580259e-17,1.83694279318043e-15
"AT5G60960",404.798602419748,1.27619407976182,0.384003439527336,3.32339231474769,0.000889297501925278,0.00613283750755905
"AT5G66631",191.670519182279,3.89924334993219,0.903450577934959,4.315945382253,1.58921273459371e-05,0.000182964016612433
"AT5G39960",110.660444807461,1.94829973166232,0.676365796910388,2.88054147705587,0.0039699271375259,0.0221934195938227
"AT5G52930",13.2326635096639,7.2830628793828,2.3785042494709,3.06203484017442,0.0021983786329295,0.0133976660082307
"AT5G27860",379.860519648339,1.52434109907929,0.35799080566144,4.25804538824075,2.06222085264484e-05,0.000228376229281468
"AT5G48150",355.955162677423,1.73805347070992,0.449610533371658,3.86568672596735,0.000110777057115395,0.00101746889426368
"AT5G38900",243.18866811719,9.10407978420216,0.962409513093614,9.45967351770826,3.08906184312099e-21,1.76076525057896e-19
"AT5G15970",1831.71360097973,4.3753786620837,0.289614335070363,15.1076039140835,1.44291852507518e-51,2.89280286371969e-49
"AT5G58787",259.46877345034,1.64112479658218,0.42992029963182,3.81727682546654,0.000134932746973401,0.00120878118783259
"AT5G66390",79.5187285941785,4.63821957729944,1.21527180507039,3.81661086676061,0.000135297296231229,0.00121018227736672
"AT5G42650",782.137770329252,1.86485893909951,0.292584852996261,6.37373712275987,1.84476690266932e-10,3.98716534279532e-09
"AT5G24470",254.015536861896,1.24996471129028,0.438775404366525,2.84875747102301,0.00438903240521602,0.024028092659064
"AT5G50950",275.973268074084,1.75718203780719,0.452978526276267,3.87917293177714,0.000104812224659014,0.000970347570330428
"AT5G02800",216.436030614116,1.62608881895964,0.512545947418375,3.17257179995282,0.00151095192973258,0.0097607494660725
"AT5G53870",26.0333479877624,6.03937967585888,1.67980053035859,3.59529573107685,0.000324023286966864,0.00264540976801992
"AT5G27460",167.256783410343,2.38560448676611,0.820073984547995,2.90901129863423,0.00362573756149825,0.0205658909098057
"AT5G10300",56.857442978356,3.13422540753405,0.90123676057538,3.47769370340936,0.000505747482682424,0.00382866648999429
"AT5G47220",777.186033742204,3.8730601681624,0.350497608966284,11.0501757189875,2.18786219203281e-28,1.81717582635411e-26
"AT5G38740",46.159864596275,9.08400142272152,1.61827166172461,5.61339708132849,1.98392620562636e-08,3.41258785784369e-07
"AT5G62480",900.85336276445,9.14312464907213,1.12235587437669,8.14636859645776,3.75015855548687e-16,1.36271386510004e-14
"AT5G60030",288.934747038266,1.42512819966073,0.398811563686829,3.57343750639043,0.000352325358638527,0.00284108132472177
"AT5G57035",463.943196705919,3.27997280703323,0.327229881510009,10.023451378883,1.20229540648963e-23,7.68147856409971e-22
"AT5G16880",753.590390727928,1.38580244177312,0.262433056821762,5.28059406294354,1.28765696254133e-07,2.01790770356207e-06
"AT5G53060",387.001346418288,2.76088037151917,0.486861394793879,5.67077283399731,1.42154787296562e-08,2.49694239680427e-07
"AT5G13370",204.555993172038,1.81274442296668,0.469586126633924,3.86030233891437,0.000113246816782404,0.00103362165270471
"AT5G18470",96.2773586871757,10.144642500438,1.41618876367643,7.16334062282944,7.87343886874513e-13,2.12912435269229e-11
"AT5G16800",213.454919165751,2.07188525399498,0.604294855713521,3.42859985387199,0.000606703307277802,0.00444253530039438
"AT5G40770",577.643873790048,1.61455141194187,0.282086361737621,5.72360677771306,1.04285971153395e-08,1.86559580395643e-07
"AT5G67080",408.399171883478,11.2598395605296,1.24283125516299,9.05982973453053,1.30654342151534e-19,6.54848573507775e-18
"AT5G11650",170.08746827188,2.81642259296591,0.558630264558473,5.04165773258263,4.6151621337208e-07,6.82477192689831e-06
"AT5G12480",648.026406053801,2.20076482305289,0.304717650007921,7.22230833361863,5.11124171329486e-13,1.42869035197579e-11
"AT5G56050",160.634202087488,3.34515431790671,0.542505636635867,6.16611900781411,6.99864201008416e-10,1.42368068424435e-08
"AT5G07220",274.120883499977,1.23206449948823,0.429021764789831,2.87179952301905,0.00408141797909211,0.0227075254836761
"AT5G42830",859.94402342994,9.94761298356221,0.656917821075938,15.1428575453615,8.44625174712424e-52,1.75380384492073e-49
"AT5G09330",704.355145885297,2.01459975809421,0.276036199470362,7.29831725679342,2.91388918398076e-13,8.26407400764104e-12
"AT5G45260",285.998183263926,1.8730314992476,0.637909280164746,2.93620355979752,0.00332256214156387,0.0191261151396558
"AT5G41610",23.6066743080471,8.11105973841103,2.30797704051854,3.5143589368587,0.000440816728733813,0.00340290163367388
"AT5G06750",202.355174839359,1.59849264352534,0.625654336745401,2.55491339169894,0.0106214222370361,0.0494023591089025
"AT5G55950",53.1520753665258,2.14292172521354,0.809910418714016,2.64587499518292,0.00814799203268486,0.0395759613016122
"AT5G35370",93.7475681137336,4.39681600316178,0.851154763126167,5.16570686512158,2.39531941765563e-07,3.66483870901312e-06
"AT5G59290",991.447227051573,1.38243083561512,0.296320456836786,4.66532365120025,3.0813165827243e-06,4.00777955524811e-05
"AT5G05730",2638.21719863704,3.41615232215173,0.232262275431883,14.7081669453187,5.71341844483203e-49,1.03805671369542e-46
"AT5G44070",755.041316560408,1.32757974201048,0.316208087075886,4.19843703014426,2.68763565183655e-05,0.000288300990401802
"AT5G15870",353.464440759057,1.61433609959731,0.361943752405497,4.46018501181013,8.18889309731268e-06,9.93950406425384e-05
"AT5G20910",118.966269239458,2.01315141741466,0.6258405252036,3.21671629806928,0.00129666750461114,0.00857526934108478
"AT5G57010",35.7718695540588,4.83327240796749,1.22890696498683,3.93298479516657,8.38975465073425e-05,0.000795726485144681
"AT5G51280",280.851126161919,1.70857878740824,0.44110309045881,3.87342284460324,0.000107317392175219,0.000990386219217026
"AT5G22300",443.748997360686,4.62099671782073,0.352154073733943,13.1220879225494,2.4606094738954e-39,3.10999640896258e-37
"AT5G44060",203.337969546765,1.52893186435023,0.434815562089077,3.5162767795257,0.000437644492460291,0.00339262010555217
"AT5G19550",1099.7376194018,1.49645478282343,0.230422400421232,6.49439802765609,8.3366073654445e-11,1.88595467792585e-09
"AT5G57710",1805.06772136228,2.12936554814492,0.228357732390079,9.32469212169072,1.11306270619751e-20,6.04798745217974e-19
"AT5G64810",626.322279355445,9.51595380274757,1.54162366435073,6.17268275182796,6.71408498535569e-10,1.3842443299595e-08
"AT5G43450",2955.1452516949,6.23633017716364,0.289126709761422,21.569540158741,3.47127436507209e-103,2.8831413083613e-100
"AT5G26860",428.825723843593,1.21947856252229,0.308943216663602,3.94725793203009,7.90513786390209e-05,0.000753450353126668
"AT5G62570",432.971662248224,2.49971805924373,0.380643423470372,6.56708590011486,5.13094510655504e-11,1.18378233529806e-09
"AT5G17760",464.03665243476,1.77738346855146,0.4650457836837,3.82195373210897,0.00013239853484763,0.00118797475109633
